Areaname,LND110210D
UNITED STATES,3531905.43
ALABAMA,50645.33
"Autauga, AL",594.44
"Baldwin, AL",1589.78
"Barbour, AL",884.88
"Bibb, AL",622.58
"Blount, AL",644.78
"Bullock, AL",622.81
"Butler, AL",776.83
"Calhoun, AL",605.87
"Chambers, AL",596.53
"Cherokee, AL",553.7
"Chilton, AL",692.85
"Choctaw, AL",913.5
"Clarke, AL",1238.47
"Clay, AL",603.96
"Cleburne, AL",560.1
"Coffee, AL",678.97
"Colbert, AL",592.62
"Conecuh, AL",850.16
"Coosa, AL",650.93
"Covington, AL",1030.46
"Crenshaw, AL",608.84
"Cullman, AL",734.84
"Dale, AL",561.15
"Dallas, AL",978.7
"DeKalb, AL",777.09
"Elmore, AL",618.49
"Escambia, AL",945.08
"Etowah, AL",534.99
"Fayette, AL",627.66
"Franklin, AL",633.82
"Geneva, AL",574.41
"Greene, AL",647.11
"Hale, AL",643.94
"Henry, AL",561.75
"Houston, AL",579.82
"Jackson, AL",1077.87
"Jefferson, AL",1111.28
"Lamar, AL",604.85
"Lauderdale, AL",667.7
"Lawrence, AL",690.68
"Lee, AL",607.54
"Limestone, AL",559.94
"Lowndes, AL",715.91
"Macon, AL",608.89
"Madison, AL",801.59
"Marengo, AL",976.88
"Marion, AL",742.29
"Marshall, AL",565.84
"Mobile, AL",1229.44
"Monroe, AL",1025.68
"Montgomery, AL",784.25
"Morgan, AL",579.34
"Perry, AL",719.66
"Pickens, AL",881.41
"Pike, AL",672.09
"Randolph, AL",580.55
"Russell, AL",641.14
"St. Clair, AL",631.9
"Shelby, AL",784.93
"Sumter, AL",903.89
"Talladega, AL",736.78
"Tallapoosa, AL",716.52
"Tuscaloosa, AL",1321.76
"Walker, AL",791.19
"Washington, AL",1080.21
"Wilcox, AL",888.5
"Winston, AL",612.98
ALASKA,570640.95
"Aleutians East, AK",6981.94
"Aleutians West, AK",4390.28
"Anchorage, AK",1704.68
"Bethel, AK",40570
"Bristol Bay, AK",503.84
"Denali, AK",12751.41
"Dillingham, AK",18568.78
"Fairbanks North Star, AK",7338.21
"Haines, AK",2318.6
"Hoonah-Angoon, AK",7524.92
"Juneau, AK",2701.93
"Kenai Peninsula, AK",16075.33
"Ketchikan Gateway, AK",4858.41
"Kodiak Island, AK",6549.58
"Lake and Peninsula, AK",23652.01
"Matanuska-Susitna, AK",24607.9
"Nome, AK",22961.76
"North Slope, AK",88695.41
"Northwest Arctic, AK",35572.58
"Petersburg, AK",3281.98
"Prince of Wales-Hyder, AK",3922.87
"Sitka, AK",2870.34
"Skagway, AK",452.33
"Southeast Fairbanks, AK",24768.81
"Valdez-Cordova, AK",34239.88
"Wade Hampton, AK",17081.43
"Wrangell, AK",2541.48
"Yakutat, AK",7649.46
"Yukon-Koyukuk, AK",145504.79
ARIZONA,113594.08
"Apache, AZ",11197.52
"Cochise, AZ",6165.69
"Coconino, AZ",18618.89
"Gila, AZ",4757.93
"Graham, AZ",4622.6
"Greenlee, AZ",1843.13
"La Paz, AZ",4499.63
"Maricopa, AZ",9200.14
"Mohave, AZ",13311.08
"Navajo, AZ",9950.42
"Pima, AZ",9187.04
"Pinal, AZ",5365.61
"Santa Cruz, AZ",1236.92
"Yavapai, AZ",8123.5
"Yuma, AZ",5513.99
ARKANSAS,52035.48
"Arkansas, AR",988.77
"Ashley, AR",925.35
"Baxter, AR",554.28
"Benton, AR",847.36
"Boone, AR",590.23
"Bradley, AR",649.23
"Calhoun, AR",628.58
"Carroll, AR",630.09
"Chicot, AR",644.3
"Clark, AR",866.07
"Clay, AR",639.47
"Cleburne, AR",553.69
"Cleveland, AR",597.78
"Columbia, AR",766.05
"Conway, AR",552.25
"Craighead, AR",707.21
"Crawford, AR",593.09
"Crittenden, AR",609.76
"Cross, AR",616.38
"Dallas, AR",667.39
"Desha, AR",768.15
"Drew, AR",828.36
"Faulkner, AR",647.88
"Franklin, AR",608.86
"Fulton, AR",618.19
"Garland, AR",677.78
"Grant, AR",631.81
"Greene, AR",577.7
"Hempstead, AR",727.52
"Hot Spring, AR",615.2
"Howard, AR",588.55
"Independence, AR",763.95
"Izard, AR",580.58
"Jackson, AR",633.94
"Jefferson, AR",870.75
"Johnson, AR",659.8
"Lafayette, AR",528.27
"Lawrence, AR",587.61
"Lee, AR",602.62
"Lincoln, AR",561.52
"Little River, AR",532.25
"Logan, AR",708.13
"Lonoke, AR",770.73
"Madison, AR",834.26
"Marion, AR",597.01
"Miller, AR",625.58
"Mississippi, AR",900.57
"Monroe, AR",607.12
"Montgomery, AR",779.88
"Nevada, AR",617.84
"Newton, AR",820.9
"Ouachita, AR",732.78
"Perry, AR",551.4
"Phillips, AR",695.66
"Pike, AR",600.62
"Poinsett, AR",758.39
"Polk, AR",857.68
"Pope, AR",812.55
"Prairie, AR",647.96
"Pulaski, AR",759.76
"Randolph, AR",652.19
"St. Francis, AR",634.77
"Saline, AR",723.6
"Scott, AR",892.32
"Searcy, AR",666.1
"Sebastian, AR",531.91
"Sevier, AR",565.13
"Sharp, AR",604.44
"Stone, AR",606.41
"Union, AR",1039.21
"Van Buren, AR",708.14
"Washington, AR",941.97
"White, AR",1035.08
"Woodruff, AR",586.79
"Yell, AR",929.98
CALIFORNIA,155779.22
"Alameda, CA",739.02
"Alpine, CA",738.33
"Amador, CA",594.58
"Butte, CA",1636.46
"Calaveras, CA",1020.01
"Colusa, CA",1150.73
"Contra Costa, CA",715.94
"Del Norte, CA",1006.37
"El Dorado, CA",1707.88
"Fresno, CA",5957.99
"Glenn, CA",1313.95
"Humboldt, CA",3567.99
"Imperial, CA",4176.6
"Inyo, CA",10180.88
"Kern, CA",8131.92
"Kings, CA",1389.42
"Lake, CA",1256.46
"Lassen, CA",4541.18
"Los Angeles, CA",4057.88
"Madera, CA",2137.07
"Marin, CA",520.31
"Mariposa, CA",1448.82
"Mendocino, CA",3506.34
"Merced, CA",1934.97
"Modoc, CA",3917.77
"Mono, CA",3048.98
"Monterey, CA",3280.6
"Napa, CA",748.36
"Nevada, CA",957.77
"Orange, CA",790.57
"Placer, CA",1407.01
"Plumas, CA",2553.04
"Riverside, CA",7206.48
"Sacramento, CA",964.64
"San Benito, CA",1388.71
"San Bernardino, CA",20056.94
"San Diego, CA",4206.63
"San Francisco, CA",46.87
"San Joaquin, CA",1391.32
"San Luis Obispo, CA",3298.57
"San Mateo, CA",448.41
"Santa Barbara, CA",2735.09
"Santa Clara, CA",1290.1
"Santa Cruz, CA",445.17
"Shasta, CA",3775.4
"Sierra, CA",953.21
"Siskiyou, CA",6277.89
"Solano, CA",821.77
"Sonoma, CA",1575.85
"Stanislaus, CA",1494.83
"Sutter, CA",602.41
"Tehama, CA",2949.71
"Trinity, CA",3179.25
"Tulare, CA",4824.22
"Tuolumne, CA",2220.88
"Ventura, CA",1843.13
"Yolo, CA",1014.69
"Yuba, CA",631.84
COLORADO,103641.89
"Adams, CO",1167.65
"Alamosa, CO",722.64
"Arapahoe, CO",798.1
"Archuleta, CO",1350.18
"Baca, CO",2554.97
"Bent, CO",1512.86
"Boulder, CO",726.29
"Broomfield, CO",33.03
"Chaffee, CO",1013.4
"Cheyenne, CO",1778.28
"Clear Creek, CO",395.23
"Conejos, CO",1287.39
"Costilla, CO",1226.95
"Crowley, CO",787.42
"Custer, CO",738.63
"Delta, CO",1142.05
"Denver, CO",153
"Dolores, CO",1067.05
"Douglas, CO",840.25
"Eagle, CO",1684.53
"Elbert, CO",1850.85
"El Paso, CO",2126.8
"Fremont, CO",1533.07
"Garfield, CO",2947.56
"Gilpin, CO",149.9
"Grand, CO",1846.33
"Gunnison, CO",3239.1
"Hinsdale, CO",1117.25
"Huerfano, CO",1591
"Jackson, CO",1613.72
"Jefferson, CO",764.21
"Kiowa, CO",1767.77
"Kit Carson, CO",2160.82
"Lake, CO",376.91
"La Plata, CO",1692.08
"Larimer, CO",2596
"Las Animas, CO",4772.67
"Lincoln, CO",2577.63
"Logan, CO",1838.55
"Mesa, CO",3328.97
"Mineral, CO",875.67
"Moffat, CO",4743.29
"Montezuma, CO",2029.53
"Montrose, CO",2240.7
"Morgan, CO",1280.43
"Otero, CO",1261.96
"Ouray, CO",541.59
"Park, CO",2193.85
"Phillips, CO",687.93
"Pitkin, CO",970.7
"Prowers, CO",1638.4
"Pueblo, CO",2386.1
"Rio Blanco, CO",3220.93
"Rio Grande, CO",911.96
"Routt, CO",2362.03
"Saguache, CO",3168.53
"San Juan, CO",387.49
"San Miguel, CO",1286.61
"Sedgwick, CO",548.04
"Summit, CO",608.36
"Teller, CO",557.06
"Washington, CO",2518.03
"Weld, CO",3987.24
"Yuma, CO",2364.41
CONNECTICUT,4842.36
"Fairfield, CT",624.89
"Hartford, CT",735.1
"Litchfield, CT",920.56
"Middlesex, CT",369.3
"New Haven, CT",604.51
"New London, CT",664.88
"Tolland, CT",410.21
"Windham, CT",512.91
DELAWARE,1948.54
"Kent, DE",586.18
"New Castle, DE",426.29
"Sussex, DE",936.08
DISTRICT OF COLUMBIA,61.05
District of Columbia,61.05
FLORIDA,53624.76
"Alachua, FL",875.02
"Baker, FL",585.23
"Bay, FL",758.46
"Bradford, FL",293.96
"Brevard, FL",1015.66
"Broward, FL",1209.79
"Calhoun, FL",567.33
"Charlotte, FL",680.28
"Citrus, FL",581.7
"Clay, FL",604.36
"Collier, FL",1998.32
"Columbia, FL",797.57
"DeSoto, FL",637.06
"Dixie, FL",705.05
"Duval, FL",762.19
"Escambia, FL",656.46
"Flagler, FL",485.46
"Franklin, FL",534.73
"Gadsden, FL",516.33
"Gilchrist, FL",349.68
"Glades, FL",806.01
"Gulf, FL",564.01
"Hamilton, FL",513.79
"Hardee, FL",637.78
"Hendry, FL",1152.75
"Hernando, FL",472.54
"Highlands, FL",1016.62
"Hillsborough, FL",1020.21
"Holmes, FL",478.78
"Indian River, FL",502.87
"Jackson, FL",917.76
"Jefferson, FL",598.1
"Lafayette, FL",543.41
"Lake, FL",938.38
"Lee, FL",784.51
"Leon, FL",666.85
"Levy, FL",1118.21
"Liberty, FL",835.56
"Madison, FL",695.95
"Manatee, FL",742.93
"Marion, FL",1584.55
"Martin, FL",543.46
"Miami-Dade, FL",1897.72
"Monroe, FL",983.28
"Nassau, FL",648.64
"Okaloosa, FL",930.25
"Okeechobee, FL",768.91
"Orange, FL",903.43
"Osceola, FL",1327.45
"Palm Beach, FL",1969.76
"Pasco, FL",746.89
"Pinellas, FL",273.8
"Polk, FL",1797.84
"Putnam, FL",727.62
"St. Johns, FL",600.66
"St. Lucie, FL",571.93
"Santa Rosa, FL",1011.61
"Sarasota, FL",555.87
"Seminole, FL",309.22
"Sumter, FL",546.93
"Suwannee, FL",688.55
"Taylor, FL",1043.31
"Union, FL",243.56
"Volusia, FL",1101.03
"Wakulla, FL",606.42
"Walton, FL",1037.63
"Washington, FL",582.8
GEORGIA,57513.49
"Appling, GA",507.08
"Atkinson, GA",339.38
"Bacon, GA",258.58
"Baker, GA",341.94
"Baldwin, GA",257.84
"Banks, GA",232.09
"Barrow, GA",160.31
"Bartow, GA",459.54
"Ben Hill, GA",250.12
"Berrien, GA",451.9
"Bibb, GA",249.76
"Bleckley, GA",215.87
"Brantley, GA",442.36
"Brooks, GA",493.05
"Bryan, GA",435.97
"Bulloch, GA",672.81
"Burke, GA",826.97
"Butts, GA",184.39
"Calhoun, GA",280.37
"Camden, GA",613.03
"Candler, GA",243.04
"Carroll, GA",499.08
"Catoosa, GA",162.16
"Charlton, GA",773.58
"Chatham, GA",426.44
"Chattahoochee, GA",248.74
"Chattooga, GA",313.34
"Cherokee, GA",421.67
"Clarke, GA",119.2
"Clay, GA",195.38
"Clayton, GA",141.57
"Clinch, GA",800.22
"Cobb, GA",339.55
"Coffee, GA",575.1
"Colquitt, GA",544.15
"Columbia, GA",290.09
"Cook, GA",227.16
"Coweta, GA",440.89
"Crawford, GA",324.89
"Crisp, GA",272.58
"Dade, GA",173.98
"Dawson, GA",210.83
"Decatur, GA",597.14
"DeKalb, GA",267.58
"Dodge, GA",495.89
"Dooly, GA",391.94
"Dougherty, GA",328.69
"Douglas, GA",200.07
"Early, GA",512.59
"Echols, GA",414.89
"Effingham, GA",477.7
"Elbert, GA",351.06
"Emanuel, GA",680.6
"Evans, GA",182.85
"Fannin, GA",386.72
"Fayette, GA",194.34
"Floyd, GA",509.91
"Forsyth, GA",224.02
"Franklin, GA",261.5
"Fulton, GA",526.64
"Gilmer, GA",426.54
"Glascock, GA",143.74
"Glynn, GA",419.75
"Gordon, GA",355.81
"Grady, GA",454.53
"Greene, GA",387.44
"Gwinnett, GA",430.38
"Habersham, GA",276.74
"Hall, GA",392.78
"Hancock, GA",471.84
"Haralson, GA",282.17
"Harris, GA",463.87
"Hart, GA",232.39
"Heard, GA",296.03
"Henry, GA",322.13
"Houston, GA",375.54
"Irwin, GA",354.34
"Jackson, GA",339.66
"Jasper, GA",368.17
"Jeff Davis, GA",330.74
"Jefferson, GA",526.49
"Jenkins, GA",347.28
"Johnson, GA",303.01
"Jones, GA",393.93
"Lamar, GA",183.5
"Lanier, GA",185.26
"Laurens, GA",807.3
"Lee, GA",355.78
"Liberty, GA",489.8
"Lincoln, GA",210.38
"Long, GA",400.29
"Lowndes, GA",496.07
"Lumpkin, GA",282.93
"McDuffie, GA",257.46
"McIntosh, GA",424.3
"Macon, GA",400.64
"Madison, GA",282.31
"Marion, GA",366
"Meriwether, GA",501.22
"Miller, GA",282.42
"Mitchell, GA",512.09
"Monroe, GA",395.66
"Montgomery, GA",239.52
"Morgan, GA",347.35
"Murray, GA",344.47
"Muscogee, GA",216.39
"Newton, GA",272.16
"Oconee, GA",184.29
"Oglethorpe, GA",439.01
"Paulding, GA",312.22
"Peach, GA",150.27
"Pickens, GA",232.06
"Pierce, GA",316.49
"Pike, GA",216.09
"Polk, GA",310.33
"Pulaski, GA",249.03
"Putnam, GA",344.64
"Quitman, GA",151.24
"Rabun, GA",369.99
"Randolph, GA",428.24
"Richmond, GA",324.33
"Rockdale, GA",129.79
"Schley, GA",166.91
"Screven, GA",645.1
"Seminole, GA",235.23
"Spalding, GA",196.47
"Stephens, GA",179.13
"Stewart, GA",458.73
"Sumter, GA",482.7
"Talbot, GA",391.39
"Taliaferro, GA",194.61
"Tattnall, GA",479.4
"Taylor, GA",376.69
"Telfair, GA",437.3
"Terrell, GA",335.44
"Thomas, GA",544.6
"Tift, GA",258.92
"Toombs, GA",364.01
"Towns, GA",166.56
"Treutlen, GA",199.44
"Troup, GA",413.99
"Turner, GA",285.39
"Twiggs, GA",358.4
"Union, GA",321.93
"Upson, GA",323.44
"Walker, GA",446.38
"Walton, GA",325.68
"Ware, GA",892.46
"Warren, GA",284.3
"Washington, GA",678.45
"Wayne, GA",641.78
"Webster, GA",209.12
"Wheeler, GA",295.48
"White, GA",240.69
"Whitfield, GA",290.46
"Wilcox, GA",377.71
"Wilkes, GA",469.49
"Wilkinson, GA",447.31
"Worth, GA",570.7
HAWAII,6422.63
"Hawaii, HI",4028.42
"Honolulu, HI",600.74
"Kalawao, HI",11.99
"Kauai, HI",619.96
"Maui, HI",1161.52
IDAHO,82643.12
"Ada, ID",1052.58
"Adams, ID",1363.06
"Bannock, ID",1111.99
"Bear Lake, ID",974.79
"Benewah, ID",776.62
"Bingham, ID",2093.98
"Blaine, ID",2643.59
"Boise, ID",1899.24
"Bonner, ID",1734.57
"Bonneville, ID",1866.08
"Boundary, ID",1268.56
"Butte, ID",2231.67
"Camas, ID",1074.49
"Canyon, ID",587.37
"Caribou, ID",1764.15
"Cassia, ID",2565.08
"Clark, ID",1764.19
"Clearwater, ID",2457.27
"Custer, ID",4920.94
"Elmore, ID",3074.74
"Franklin, ID",663.65
"Fremont, ID",1863.53
"Gem, ID",560.9
"Gooding, ID",728.97
"Idaho, ID",8477.35
"Jefferson, ID",1093.5
"Jerome, ID",597.19
"Kootenai, ID",1244.13
"Latah, ID",1076
"Lemhi, ID",4563.39
"Lewis, ID",478.8
"Lincoln, ID",1201.41
"Madison, ID",469.21
"Minidoka, ID",757.59
"Nez Perce, ID",848.09
"Oneida, ID",1200.06
"Owyhee, ID",7665.51
"Payette, ID",406.87
"Power, ID",1404.24
"Shoshone, ID",2629.67
"Teton, ID",449.46
"Twin Falls, ID",1921.21
"Valley, ID",3664.52
"Washington, ID",1452.98
ILLINOIS,55518.93
"Adams, IL",855.2
"Alexander, IL",235.51
"Bond, IL",380.28
"Boone, IL",280.72
"Brown, IL",305.61
"Bureau, IL",869.03
"Calhoun, IL",253.83
"Carroll, IL",444.81
"Cass, IL",375.82
"Champaign, IL",996.27
"Christian, IL",709.38
"Clark, IL",501.42
"Clay, IL",468.32
"Clinton, IL",474.09
"Coles, IL",508.29
"Cook, IL",945.33
"Crawford, IL",443.63
"Cumberland, IL",346.02
"DeKalb, IL",631.31
"De Witt, IL",397.51
"Douglas, IL",416.67
"DuPage, IL",327.5
"Edgar, IL",623.37
"Edwards, IL",222.42
"Effingham, IL",478.78
"Fayette, IL",716.48
"Ford, IL",485.62
"Franklin, IL",408.89
"Fulton, IL",865.6
"Gallatin, IL",323.07
"Greene, IL",543.02
"Grundy, IL",418.04
"Hamilton, IL",434.67
"Hancock, IL",793.73
"Hardin, IL",177.53
"Henderson, IL",378.87
"Henry, IL",822.99
"Iroquois, IL",1117.32
"Jackson, IL",584.08
"Jasper, IL",494.51
"Jefferson, IL",571.17
"Jersey, IL",369.27
"Jo Daviess, IL",601.09
"Johnson, IL",343.92
"Kane, IL",520.06
"Kankakee, IL",676.56
"Kendall, IL",320.34
"Knox, IL",716.4
"Lake, IL",443.67
"LaSalle, IL",1135.12
"Lawrence, IL",372.18
"Lee, IL",724.9
"Livingston, IL",1044.29
"Logan, IL",618.06
"McDonough, IL",589.41
"McHenry, IL",603.17
"McLean, IL",1183.38
"Macon, IL",580.69
"Macoupin, IL",862.91
"Madison, IL",715.58
"Marion, IL",572.36
"Marshall, IL",386.79
"Mason, IL",539.24
"Massac, IL",237.22
"Menard, IL",314.44
"Mercer, IL",561.2
"Monroe, IL",385.01
"Montgomery, IL",703.69
"Morgan, IL",568.79
"Moultrie, IL",335.94
"Ogle, IL",758.57
"Peoria, IL",619.21
"Perry, IL",441.76
"Piatt, IL",439.2
"Pike, IL",831.38
"Pope, IL",368.77
"Pulaski, IL",199.19
"Putnam, IL",160.16
"Randolph, IL",575.5
"Richland, IL",359.99
"Rock Island, IL",427.64
"St. Clair, IL",657.76
"Saline, IL",379.82
"Sangamon, IL",868.3
"Schuyler, IL",437.27
"Scott, IL",250.91
"Shelby, IL",758.52
"Stark, IL",288.08
"Stephenson, IL",564.52
"Tazewell, IL",648.97
"Union, IL",413.46
"Vermilion, IL",898.37
"Wabash, IL",223.25
"Warren, IL",542.41
"Washington, IL",562.57
"Wayne, IL",713.81
"White, IL",494.77
"Whiteside, IL",684.25
"Will, IL",836.91
"Williamson, IL",420.15
"Winnebago, IL",513.36
"Woodford, IL",527.8
INDIANA,35826.11
"Adams, IN",339.03
"Allen, IN",657.31
"Bartholomew, IN",406.91
"Benton, IN",406.42
"Blackford, IN",165.08
"Boone, IN",422.91
"Brown, IN",311.98
"Carroll, IN",372.22
"Cass, IN",412.16
"Clark, IN",372.86
"Clay, IN",357.54
"Clinton, IN",405.07
"Crawford, IN",305.64
"Daviess, IN",429.49
"Dearborn, IN",305.03
"Decatur, IN",372.57
"DeKalb, IN",362.82
"Delaware, IN",392.12
"Dubois, IN",427.27
"Elkhart, IN",463.17
"Fayette, IN",215.01
"Floyd, IN",147.94
"Fountain, IN",395.66
"Franklin, IN",384.43
"Fulton, IN",368.39
"Gibson, IN",487.49
"Grant, IN",414.07
"Greene, IN",542.5
"Hamilton, IN",394.27
"Hancock, IN",306.02
"Harrison, IN",484.52
"Hendricks, IN",406.91
"Henry, IN",391.88
"Howard, IN",293.06
"Huntington, IN",382.65
"Jackson, IN",509.31
"Jasper, IN",559.63
"Jay, IN",383.91
"Jefferson, IN",360.63
"Jennings, IN",376.58
"Johnson, IN",320.43
"Knox, IN",516.03
"Kosciusko, IN",531.38
"LaGrange, IN",379.62
"Lake, IN",498.96
"LaPorte, IN",598.3
"Lawrence, IN",449.17
"Madison, IN",451.92
"Marion, IN",396.3
"Marshall, IN",443.63
"Martin, IN",335.74
"Miami, IN",373.84
"Monroe, IN",394.51
"Montgomery, IN",504.61
"Morgan, IN",403.97
"Newton, IN",401.76
"Noble, IN",410.84
"Ohio, IN",86.14
"Orange, IN",398.39
"Owen, IN",385.29
"Parke, IN",444.66
"Perry, IN",381.73
"Pike, IN",334.24
"Porter, IN",418.15
"Posey, IN",409.57
"Pulaski, IN",433.65
"Putnam, IN",480.53
"Randolph, IN",452.38
"Ripley, IN",446.43
"Rush, IN",408.12
"St. Joseph, IN",457.85
"Scott, IN",190.4
"Shelby, IN",411.15
"Spencer, IN",396.74
"Starke, IN",309.13
"Steuben, IN",308.94
"Sullivan, IN",447.14
"Switzerland, IN",220.63
"Tippecanoe, IN",499.81
"Tipton, IN",260.54
"Union, IN",161.22
"Vanderburgh, IN",233.48
"Vermillion, IN",256.88
"Vigo, IN",403.31
"Wabash, IN",412.43
"Warren, IN",364.68
"Warrick, IN",384.82
"Washington, IN",513.73
"Wayne, IN",401.74
"Wells, IN",368.09
"White, IN",505.13
"Whitley, IN",335.57
IOWA,55857.13
"Adair, IA",569.27
"Adams, IA",423.44
"Allamakee, IA",639.08
"Appanoose, IA",497.29
"Audubon, IA",442.96
"Benton, IA",716.27
"Black Hawk, IA",565.77
"Boone, IA",571.57
"Bremer, IA",435.48
"Buchanan, IA",571.02
"Buena Vista, IA",574.92
"Butler, IA",580.13
"Calhoun, IA",569.97
"Carroll, IA",569.44
"Cass, IA",564.27
"Cedar, IA",579.44
"Cerro Gordo, IA",568.31
"Cherokee, IA",576.91
"Chickasaw, IA",504.38
"Clarke, IA",431.17
"Clay, IA",567.24
"Clayton, IA",778.54
"Clinton, IA",694.92
"Crawford, IA",714.19
"Dallas, IA",588.45
"Davis, IA",502.19
"Decatur, IA",531.88
"Delaware, IA",577.76
"Des Moines, IA",416.12
"Dickinson, IA",380.61
"Dubuque, IA",608.31
"Emmet, IA",395.88
"Fayette, IA",730.81
"Floyd, IA",500.63
"Franklin, IA",581.97
"Fremont, IA",511.15
"Greene, IA",569.57
"Grundy, IA",501.86
"Guthrie, IA",590.62
"Hamilton, IA",576.75
"Hancock, IA",571.01
"Hardin, IA",569.31
"Harrison, IA",696.85
"Henry, IA",434.33
"Howard, IA",473.25
"Humboldt, IA",434.35
"Ida, IA",431.51
"Iowa, IA",586.46
"Jackson, IA",636.04
"Jasper, IA",730.42
"Jefferson, IA",435.51
"Johnson, IA",614.04
"Jones, IA",575.62
"Keokuk, IA",579.18
"Kossuth, IA",972.72
"Lee, IA",517.52
"Linn, IA",716.88
"Louisa, IA",401.77
"Lucas, IA",430.59
"Lyon, IA",587.65
"Madison, IA",561.01
"Mahaska, IA",570.86
"Marion, IA",554.53
"Marshall, IA",572.5
"Mills, IA",437.44
"Mitchell, IA",469.13
"Monona, IA",694.07
"Monroe, IA",433.72
"Montgomery, IA",424.1
"Muscatine, IA",437.47
"O'Brien, IA",573.04
"Osceola, IA",398.68
"Page, IA",534.94
"Palo Alto, IA",563.84
"Plymouth, IA",862.89
"Pocahontas, IA",577.24
"Polk, IA",573.8
"Pottawattamie, IA",950.28
"Poweshiek, IA",584.93
"Ringgold, IA",535.5
"Sac, IA",575.01
"Scott, IA",458.09
"Shelby, IA",590.78
"Sioux, IA",768.33
"Story, IA",572.82
"Tama, IA",721.01
"Taylor, IA",531.9
"Union, IA",423.65
"Van Buren, IA",484.79
"Wapello, IA",431.83
"Warren, IA",569.83
"Washington, IA",568.84
"Wayne, IA",525.44
"Webster, IA",715.62
"Winnebago, IA",400.49
"Winneshiek, IA",689.87
"Woodbury, IA",872.83
"Worth, IA",400.12
"Wright, IA",580.42
KANSAS,81758.72
"Allen, KS",500.3
"Anderson, KS",579.65
"Atchison, KS",431.17
"Barber, KS",1134.07
"Barton, KS",895.4
"Bourbon, KS",635.47
"Brown, KS",570.87
"Butler, KS",1429.86
"Chase, KS",773.06
"Chautauqua, KS",638.88
"Cherokee, KS",587.57
"Cheyenne, KS",1019.89
"Clark, KS",974.63
"Clay, KS",645.3
"Cloud, KS",715.34
"Coffey, KS",626.95
"Comanche, KS",788.3
"Cowley, KS",1125.75
"Crawford, KS",589.76
"Decatur, KS",893.52
"Dickinson, KS",847.07
"Doniphan, KS",393.41
"Douglas, KS",455.87
"Edwards, KS",621.89
"Elk, KS",644.27
"Ellis, KS",899.91
"Ellsworth, KS",715.85
"Finney, KS",1301.97
"Ford, KS",1098.27
"Franklin, KS",571.76
"Geary, KS",384.62
"Gove, KS",1071.67
"Graham, KS",898.52
"Grant, KS",574.8
"Gray, KS",868.87
"Greeley, KS",778.45
"Greenwood, KS",1143.3
"Hamilton, KS",996.51
"Harper, KS",801.27
"Harvey, KS",539.75
"Haskell, KS",577.52
"Hodgeman, KS",859.99
"Jackson, KS",656.22
"Jefferson, KS",532.57
"Jewell, KS",909.78
"Johnson, KS",473.38
"Kearny, KS",870.54
"Kingman, KS",863.36
"Kiowa, KS",722.64
"Labette, KS",645.3
"Lane, KS",717.46
"Leavenworth, KS",462.83
"Lincoln, KS",719.4
"Linn, KS",594.06
"Logan, KS",1072.99
"Lyon, KS",847.47
"McPherson, KS",898.27
"Marion, KS",944.29
"Marshall, KS",900.18
"Meade, KS",978.09
"Miami, KS",575.66
"Mitchell, KS",701.79
"Montgomery, KS",643.53
"Morris, KS",695.28
"Morton, KS",729.73
"Nemaha, KS",717.43
"Neosho, KS",571.47
"Ness, KS",1074.75
"Norton, KS",878.13
"Osage, KS",705.52
"Osborne, KS",892.5
"Ottawa, KS",720.73
"Pawnee, KS",754.26
"Phillips, KS",885.88
"Pottawatomie, KS",841.02
"Pratt, KS",735.05
"Rawlins, KS",1069.42
"Reno, KS",1255.35
"Republic, KS",717.37
"Rice, KS",726.24
"Riley, KS",609.77
"Rooks, KS",890.53
"Rush, KS",717.76
"Russell, KS",886.26
"Saline, KS",720.23
"Scott, KS",717.54
"Sedgwick, KS",997.51
"Seward, KS",639.5
"Shawnee, KS",544.02
"Sheridan, KS",895.96
"Sherman, KS",1056.07
"Smith, KS",895.47
"Stafford, KS",792.05
"Stanton, KS",680.35
"Stevens, KS",727.29
"Sumner, KS",1181.94
"Thomas, KS",1074.69
"Trego, KS",889.48
"Wabaunsee, KS",794.3
"Wallace, KS",913.65
"Washington, KS",894.76
"Wichita, KS",718.57
"Wilson, KS",570.42
"Woodson, KS",497.82
"Wyandotte, KS",151.6
KENTUCKY,39486.34
"Adair, KY",405.28
"Allen, KY",344.34
"Anderson, KY",201.83
"Ballard, KY",246.66
"Barren, KY",487.54
"Bath, KY",278.79
"Bell, KY",359
"Boone, KY",246.36
"Bourbon, KY",289.72
"Boyd, KY",159.86
"Boyle, KY",180.17
"Bracken, KY",205.61
"Breathitt, KY",492.41
"Breckinridge, KY",567.17
"Bullitt, KY",297.02
"Butler, KY",426.09
"Caldwell, KY",344.79
"Calloway, KY",385.02
"Campbell, KY",151.31
"Carlisle, KY",189.43
"Carroll, KY",128.57
"Carter, KY",409.5
"Casey, KY",444.23
"Christian, KY",717.5
"Clark, KY",252.46
"Clay, KY",469.25
"Clinton, KY",197.25
"Crittenden, KY",359.95
"Cumberland, KY",305.18
"Daviess, KY",458.35
"Edmonson, KY",302.88
"Elliott, KY",234.32
"Estill, KY",253.08
"Fayette, KY",283.65
"Fleming, KY",348.54
"Floyd, KY",393.35
"Franklin, KY",207.75
"Fulton, KY",205.5
"Gallatin, KY",101.23
"Garrard, KY",230.08
"Grant, KY",257.97
"Graves, KY",551.74
"Grayson, KY",496.7
"Green, KY",286.03
"Greenup, KY",344.4
"Hancock, KY",187.65
"Hardin, KY",623.28
"Harlan, KY",465.83
"Harrison, KY",306.36
"Hart, KY",412.09
"Henderson, KY",436.67
"Henry, KY",286.28
"Hickman, KY",242.27
"Hopkins, KY",542
"Jackson, KY",345.2
"Jefferson, KY",380.42
"Jessamine, KY",172.12
"Johnson, KY",261.95
"Kenton, KY",160.25
"Knott, KY",351.52
"Knox, KY",386.3
"Larue, KY",261.52
"Laurel, KY",433.95
"Lawrence, KY",415.6
"Lee, KY",208.86
"Leslie, KY",400.84
"Letcher, KY",337.91
"Lewis, KY",482.84
"Lincoln, KY",334.1
"Livingston, KY",313.13
"Logan, KY",552.13
"Lyon, KY",213.84
"McCracken, KY",248.74
"McCreary, KY",426.8
"McLean, KY",252.47
"Madison, KY",437.29
"Magoffin, KY",308.44
"Marion, KY",343.01
"Marshall, KY",301.25
"Martin, KY",229.61
"Mason, KY",240.13
"Meade, KY",305.42
"Menifee, KY",203.59
"Mercer, KY",248.8
"Metcalfe, KY",289.65
"Monroe, KY",329.37
"Montgomery, KY",197.37
"Morgan, KY",381.13
"Muhlenberg, KY",467.08
"Nelson, KY",417.51
"Nicholas, KY",195.17
"Ohio, KY",587.27
"Oldham, KY",187.22
"Owen, KY",351.1
"Owsley, KY",197.41
"Pendleton, KY",277.16
"Perry, KY",339.67
"Pike, KY",786.83
"Powell, KY",178.98
"Pulaski, KY",658.41
"Robertson, KY",99.91
"Rockcastle, KY",316.55
"Rowan, KY",279.8
"Russell, KY",253.66
"Scott, KY",281.77
"Shelby, KY",379.64
"Simpson, KY",234.2
"Spencer, KY",186.68
"Taylor, KY",266.33
"Todd, KY",374.5
"Trigg, KY",441.43
"Trimble, KY",151.65
"Union, KY",342.85
"Warren, KY",541.6
"Washington, KY",297.27
"Wayne, KY",458.17
"Webster, KY",331.94
"Whitley, KY",437.83
"Wolfe, KY",222.17
"Woodford, KY",188.78
LOUISIANA,43203.9
"Acadia, LA",655.12
"Allen, LA",761.85
"Ascension, LA",289.98
"Assumption, LA",338.66
"Avoyelles, LA",832.43
"Beauregard, LA",1157.34
"Bienville, LA",811.27
"Bossier, LA",840.06
"Caddo, LA",878.54
"Calcasieu, LA",1063.66
"Caldwell, LA",529.43
"Cameron, LA",1284.89
"Catahoula, LA",708.03
"Claiborne, LA",754.88
"Concordia, LA",696.92
"De Soto, LA",875.58
"East Baton Rouge, LA",455.37
"East Carroll, LA",420.7
"East Feliciana, LA",453.41
"Evangeline, LA",662.38
"Franklin, LA",624.59
"Grant, LA",643.03
"Iberia, LA",574.11
"Iberville, LA",618.63
"Jackson, LA",569.18
"Jefferson, LA",295.63
"Jefferson Davis, LA",651.33
"Lafayette, LA",268.72
"Lafourche, LA",1068.21
"La Salle, LA",624.68
"Lincoln, LA",471.74
"Livingston, LA",648.17
"Madison, LA",624.44
"Morehouse, LA",794.93
"Natchitoches, LA",1252.25
"Orleans, LA",169.42
"Ouachita, LA",610.41
"Plaquemines, LA",779.91
"Pointe Coupee, LA",557.35
"Rapides, LA",1317.96
"Red River, LA",389.09
"Richland, LA",559.04
"Sabine, LA",866.66
"St. Bernard, LA",377.52
"St. Charles, LA",279.08
"St. Helena, LA",408.4
"St. James, LA",241.54
"St. John the Baptist, LA",213.07
"St. Landry, LA",923.88
"St. Martin, LA",737.65
"St. Mary, LA",555.38
"St. Tammany, LA",845.55
"Tangipahoa, LA",791.28
"Tensas, LA",602.78
"Terrebonne, LA",1231.82
"Union, LA",876.99
"Vermilion, LA",1173.2
"Vernon, LA",1327.91
"Washington, LA",669.53
"Webster, LA",593.03
"West Baton Rouge, LA",192.39
"West Carroll, LA",359.65
"West Feliciana, LA",403.21
"Winn, LA",950.09
MAINE,30842.92
"Androscoggin, ME",467.93
"Aroostook, ME",6671.33
"Cumberland, ME",835.24
"Franklin, ME",1696.61
"Hancock, ME",1586.89
"Kennebec, ME",867.52
"Knox, ME",365.13
"Lincoln, ME",455.82
"Oxford, ME",2076.84
"Penobscot, ME",3397.36
"Piscataquis, ME",3960.86
"Sagadahoc, ME",253.7
"Somerset, ME",3924.4
"Waldo, ME",729.92
"Washington, ME",2562.66
"York, ME",990.71
MARYLAND,9707.24
"Allegany, MD",424.16
"Anne Arundel, MD",414.9
"Baltimore, MD",598.3
"Calvert, MD",213.15
"Caroline, MD",319.42
"Carroll, MD",447.6
"Cecil, MD",346.27
"Charles, MD",457.75
"Dorchester, MD",540.77
"Frederick, MD",660.22
"Garrett, MD",647.1
"Harford, MD",437.09
"Howard, MD",250.74
"Kent, MD",277.03
"Montgomery, MD",491.25
"Prince George's, MD",482.69
"Queen Anne's, MD",371.91
"St. Mary's, MD",357.18
"Somerset, MD",319.72
"Talbot, MD",268.54
"Washington, MD",457.78
"Wicomico, MD",374.44
"Worcester, MD",468.28
"Baltimore city, MD",80.94
MASSACHUSETTS,7800.06
"Barnstable, MA",393.72
"Berkshire, MA",926.83
"Bristol, MA",553.1
"Dukes, MA",103.25
"Essex, MA",492.56
"Franklin, MA",699.32
"Hampden, MA",617.14
"Hampshire, MA",527.26
"Middlesex, MA",817.82
"Nantucket, MA",44.97
"Norfolk, MA",396.11
"Plymouth, MA",659.08
"Suffolk, MA",58.15
"Worcester, MA",1510.77
MICHIGAN,56538.9
"Alcona, MI",674.59
"Alger, MI",915.07
"Allegan, MI",825.23
"Alpena, MI",571.86
"Antrim, MI",475.7
"Arenac, MI",363.19
"Baraga, MI",898.26
"Barry, MI",553.09
"Bay, MI",442.3
"Benzie, MI",319.7
"Berrien, MI",567.75
"Branch, MI",506.37
"Calhoun, MI",706.23
"Cass, MI",490.06
"Charlevoix, MI",416.34
"Cheboygan, MI",715.26
"Chippewa, MI",1558.42
"Clare, MI",564.32
"Clinton, MI",566.41
"Crawford, MI",556.28
"Delta, MI",1171.1
"Dickinson, MI",761.4
"Eaton, MI",575.18
"Emmet, MI",467.49
"Genesee, MI",636.98
"Gladwin, MI",501.78
"Gogebic, MI",1101.85
"Grand Traverse, MI",464.33
"Gratiot, MI",568.46
"Hillsdale, MI",598.13
"Houghton, MI",1009.1
"Huron, MI",835.71
"Ingham, MI",556.12
"Ionia, MI",571.3
"Iosco, MI",549.1
"Iron, MI",1166.15
"Isabella, MI",572.68
"Jackson, MI",701.67
"Kalamazoo, MI",561.66
"Kalkaska, MI",559.87
"Kent, MI",846.95
"Keweenaw, MI",540.11
"Lake, MI",567.37
"Lapeer, MI",643.01
"Leelanau, MI",347.17
"Lenawee, MI",749.56
"Livingston, MI",565.25
"Luce, MI",899.08
"Mackinac, MI",1021.57
"Macomb, MI",479.22
"Manistee, MI",542.15
"Marquette, MI",1808.4
"Mason, MI",495.07
"Mecosta, MI",555.07
"Menominee, MI",1044.08
"Midland, MI",516.25
"Missaukee, MI",564.73
"Monroe, MI",549.39
"Montcalm, MI",705.4
"Montmorency, MI",546.66
"Muskegon, MI",499.25
"Newaygo, MI",813.2
"Oakland, MI",867.66
"Oceana, MI",512.07
"Ogemaw, MI",563.49
"Ontonagon, MI",1311.23
"Osceola, MI",566.39
"Oscoda, MI",565.73
"Otsego, MI",514.97
"Ottawa, MI",563.47
"Presque Isle, MI",658.72
"Roscommon, MI",519.64
"Saginaw, MI",800.11
"St. Clair, MI",721.17
"St. Joseph, MI",500.59
"Sanilac, MI",962.57
"Schoolcraft, MI",1171.36
"Shiawassee, MI",530.67
"Tuscola, MI",803.13
"Van Buren, MI",607.47
"Washtenaw, MI",705.97
"Wayne, MI",612.08
"Wexford, MI",565
MINNESOTA,79626.74
"Aitkin, MN",1821.66
"Anoka, MN",423.01
"Becker, MN",1315.2
"Beltrami, MN",2504.94
"Benton, MN",408.3
"Big Stone, MN",499.02
"Blue Earth, MN",747.84
"Brown, MN",611.09
"Carlton, MN",861.38
"Carver, MN",354.33
"Cass, MN",2021.54
"Chippewa, MN",581.12
"Chisago, MN",414.86
"Clay, MN",1045.37
"Clearwater, MN",998.94
"Cook, MN",1452.28
"Cottonwood, MN",638.61
"Crow Wing, MN",999.1
"Dakota, MN",562.17
"Dodge, MN",439.28
"Douglas, MN",637.3
"Faribault, MN",712.48
"Fillmore, MN",861.3
"Freeborn, MN",707.09
"Goodhue, MN",756.84
"Grant, MN",548.16
"Hennepin, MN",553.59
"Houston, MN",552.06
"Hubbard, MN",925.68
"Isanti, MN",435.79
"Itasca, MN",2667.72
"Jackson, MN",702.98
"Kanabec, MN",521.59
"Kandiyohi, MN",796.79
"Kittson, MN",1098.8
"Koochiching, MN",3104.07
"Lac qui Parle, MN",765.02
"Lake, MN",2109.29
"Lake of the Woods, MN",1297.87
"Le Sueur, MN",448.76
"Lincoln, MN",536.76
"Lyon, MN",714.56
"McLeod, MN",491.47
"Mahnomen, MN",557.88
"Marshall, MN",1775.07
"Martin, MN",712.35
"Meeker, MN",608.18
"Mille Lacs, MN",572.31
"Morrison, MN",1125.06
"Mower, MN",711.33
"Murray, MN",704.7
"Nicollet, MN",448.49
"Nobles, MN",715.11
"Norman, MN",872.79
"Olmsted, MN",653.35
"Otter Tail, MN",1972.07
"Pennington, MN",616.57
"Pine, MN",1411.29
"Pipestone, MN",465.06
"Polk, MN",1971.13
"Pope, MN",669.71
"Ramsey, MN",152.21
"Red Lake, MN",432.41
"Redwood, MN",878.57
"Renville, MN",982.91
"Rice, MN",495.68
"Rock, MN",482.46
"Roseau, MN",1671.6
"St. Louis, MN",6247.4
"Scott, MN",356.48
"Sherburne, MN",432.92
"Sibley, MN",588.78
"Stearns, MN",1343.13
"Steele, MN",429.65
"Stevens, MN",563.6
"Swift, MN",742.08
"Todd, MN",944.98
"Traverse, MN",573.9
"Wabasha, MN",522.98
"Wadena, MN",536.27
"Waseca, MN",423.36
"Washington, MN",384.28
"Watonwan, MN",434.95
"Wilkin, MN",750.96
"Winona, MN",626.21
"Wright, MN",661.46
"Yellow Medicine, MN",759.1
MISSISSIPPI,46923.27
"Adams, MS",462.41
"Alcorn, MS",400.04
"Amite, MS",730.1
"Attala, MS",734.98
"Benton, MS",406.62
"Bolivar, MS",876.57
"Calhoun, MS",586.57
"Carroll, MS",628.24
"Chickasaw, MS",501.78
"Choctaw, MS",418.18
"Claiborne, MS",487.41
"Clarke, MS",691.55
"Clay, MS",410.08
"Coahoma, MS",552.44
"Copiah, MS",777.24
"Covington, MS",413.79
"DeSoto, MS",476.15
"Forrest, MS",466.31
"Franklin, MS",563.78
"George, MS",478.71
"Greene, MS",712.76
"Grenada, MS",422.11
"Hancock, MS",473.75
"Harrison, MS",573.99
"Hinds, MS",869.74
"Holmes, MS",756.7
"Humphreys, MS",418.49
"Issaquena, MS",413.05
"Itawamba, MS",532.79
"Jackson, MS",722.75
"Jasper, MS",676.24
"Jefferson, MS",519.93
"Jefferson Davis, MS",408.44
"Jones, MS",694.8
"Kemper, MS",766.18
"Lafayette, MS",631.71
"Lamar, MS",497.06
"Lauderdale, MS",703.63
"Lawrence, MS",430.67
"Leake, MS",583
"Lee, MS",449.95
"Leflore, MS",592.54
"Lincoln, MS",586.12
"Lowndes, MS",505.51
"Madison, MS",714.51
"Marion, MS",542.38
"Marshall, MS",706.19
"Monroe, MS",765.09
"Montgomery, MS",406.98
"Neshoba, MS",570.14
"Newton, MS",578.1
"Noxubee, MS",695.14
"Oktibbeha, MS",458.2
"Panola, MS",685.14
"Pearl River, MS",810.86
"Perry, MS",647.25
"Pike, MS",409.02
"Pontotoc, MS",497.69
"Prentiss, MS",414.98
"Quitman, MS",405.01
"Rankin, MS",775.49
"Scott, MS",609.19
"Sharkey, MS",431.72
"Simpson, MS",589.16
"Smith, MS",636.25
"Stone, MS",445.49
"Sunflower, MS",697.75
"Tallahatchie, MS",645.29
"Tate, MS",404.76
"Tippah, MS",457.82
"Tishomingo, MS",424.25
"Tunica, MS",454.67
"Union, MS",415.6
"Walthall, MS",403.94
"Warren, MS",588.5
"Washington, MS",724.74
"Wayne, MS",810.75
"Webster, MS",420.94
"Wilkinson, MS",678.11
"Winston, MS",607.25
"Yalobusha, MS",467.13
"Yazoo, MS",922.95
MISSOURI,68741.52
"Adair, MO",567.32
"Andrew, MO",432.7
"Atchison, MO",547.3
"Audrain, MO",692.24
"Barry, MO",778.25
"Barton, MO",591.92
"Bates, MO",836.69
"Benton, MO",704.06
"Bollinger, MO",617.91
"Boone, MO",685.41
"Buchanan, MO",408.03
"Butler, MO",694.67
"Caldwell, MO",426.39
"Callaway, MO",834.58
"Camden, MO",655.92
"Cape Girardeau, MO",578.54
"Carroll, MO",694.62
"Carter, MO",507.36
"Cass, MO",696.84
"Cedar, MO",474.48
"Chariton, MO",751.18
"Christian, MO",562.65
"Clark, MO",504.69
"Clay, MO",397.3
"Clinton, MO",418.96
"Cole, MO",393.75
"Cooper, MO",564.77
"Crawford, MO",742.52
"Dade, MO",490.01
"Dallas, MO",540.77
"Daviess, MO",563.24
"DeKalb, MO",421.36
"Dent, MO",752.79
"Douglas, MO",813.63
"Dunklin, MO",541.07
"Franklin, MO",922.68
"Gasconade, MO",517.8
"Gentry, MO",491.42
"Greene, MO",675.3
"Grundy, MO",435.28
"Harrison, MO",722.5
"Henry, MO",696.95
"Hickory, MO",399.09
"Holt, MO",462.69
"Howard, MO",463.85
"Howell, MO",927.25
"Iron, MO",550.26
"Jackson, MO",604.46
"Jasper, MO",638.49
"Jefferson, MO",656.63
"Johnson, MO",829.28
"Knox, MO",504.01
"Laclede, MO",764.72
"Lafayette, MO",628.43
"Lawrence, MO",611.74
"Lewis, MO",505.04
"Lincoln, MO",626.56
"Linn, MO",615.56
"Livingston, MO",532.33
"McDonald, MO",539.48
"Macon, MO",801.23
"Madison, MO",494.39
"Maries, MO",526.98
"Marion, MO",436.92
"Mercer, MO",453.84
"Miller, MO",592.6
"Mississippi, MO",411.58
"Moniteau, MO",415.03
"Monroe, MO",647.65
"Montgomery, MO",536.25
"Morgan, MO",597.63
"New Madrid, MO",674.84
"Newton, MO",624.77
"Nodaway, MO",876.96
"Oregon, MO",789.8
"Osage, MO",604.35
"Ozark, MO",744.97
"Pemiscot, MO",492.54
"Perry, MO",474.35
"Pettis, MO",682.22
"Phelps, MO",671.78
"Pike, MO",670.44
"Platte, MO",420.19
"Polk, MO",635.52
"Pulaski, MO",547.1
"Putnam, MO",517.32
"Ralls, MO",469.78
"Randolph, MO",482.68
"Ray, MO",568.81
"Reynolds, MO",808.48
"Ripley, MO",629.54
"St. Charles, MO",560.44
"St. Clair, MO",669.98
"Ste. Genevieve, MO",499.15
"St. Francois, MO",451.89
"St. Louis, MO",507.8
"Saline, MO",755.5
"Schuyler, MO",307.3
"Scotland, MO",436.67
"Scott, MO",419.99
"Shannon, MO",1003.82
"Shelby, MO",500.86
"Stoddard, MO",823.22
"Stone, MO",464.03
"Sullivan, MO",647.98
"Taney, MO",632.44
"Texas, MO",1177.27
"Vernon, MO",826.4
"Warren, MO",428.6
"Washington, MO",759.91
"Wayne, MO",759.18
"Webster, MO",592.56
"Worth, MO",266.61
"Wright, MO",681.77
"St. Louis city, MO",61.91
MONTANA,145545.8
"Beaverhead, MT",5541.62
"Big Horn, MT",4995.46
"Blaine, MT",4227.55
"Broadwater, MT",1192.54
"Carbon, MT",2048.79
"Carter, MT",3340.75
"Cascade, MT",2698.16
"Chouteau, MT",3972.49
"Custer, MT",3783.36
"Daniels, MT",1426.11
"Dawson, MT",2371.87
"Deer Lodge, MT",736.53
"Fallon, MT",1620.77
"Fergus, MT",4339.8
"Flathead, MT",5087.66
"Gallatin, MT",2602.69
"Garfield, MT",4675.36
"Glacier, MT",2995.94
"Golden Valley, MT",1175.34
"Granite, MT",1727.42
"Hill, MT",2898.96
"Jefferson, MT",1656.26
"Judith Basin, MT",1869.82
"Lake, MT",1490.15
"Lewis and Clark, MT",3458.83
"Liberty, MT",1430.05
"Lincoln, MT",3612.92
"McCone, MT",2643.17
"Madison, MT",3587.48
"Meagher, MT",2391.91
"Mineral, MT",1219.44
"Missoula, MT",2593.42
"Musselshell, MT",1868.16
"Park, MT",2803.06
"Petroleum, MT",1654.87
"Phillips, MT",5140.04
"Pondera, MT",1622.86
"Powder River, MT",3297.3
"Powell, MT",2326.39
"Prairie, MT",1736.74
"Ravalli, MT",2390.82
"Richland, MT",2084.14
"Roosevelt, MT",2354.79
"Rosebud, MT",5010.4
"Sanders, MT",2760.52
"Sheridan, MT",1677.08
"Silver Bow, MT",718.48
"Stillwater, MT",1795.35
"Sweet Grass, MT",1855.21
"Teton, MT",2272.38
"Toole, MT",1915.65
"Treasure, MT",977.4
"Valley, MT",4925.82
"Wheatland, MT",1423.2
"Wibaux, MT",889.27
"Yellowstone, MT",2633.29
"Yellowstone National Park, MT",0
NEBRASKA,76824.17
"Adams, NE",563.27
"Antelope, NE",857.22
"Arthur, NE",715.36
"Banner, NE",746.11
"Blaine, NE",710.87
"Boone, NE",686.55
"Box Butte, NE",1075.29
"Boyd, NE",539.94
"Brown, NE",1221.33
"Buffalo, NE",968.11
"Burt, NE",491.58
"Butler, NE",584.91
"Cass, NE",557.45
"Cedar, NE",740.31
"Chase, NE",894.42
"Cherry, NE",5960.42
"Cheyenne, NE",1196.29
"Clay, NE",572.29
"Colfax, NE",411.66
"Cuming, NE",570.62
"Custer, NE",2575.52
"Dakota, NE",264.26
"Dawes, NE",1396.46
"Dawson, NE",1013.1
"Deuel, NE",439.85
"Dixon, NE",476.23
"Dodge, NE",528.71
"Douglas, NE",328.46
"Dundy, NE",919.68
"Fillmore, NE",575.37
"Franklin, NE",575.82
"Frontier, NE",974.59
"Furnas, NE",719.13
"Gage, NE",851.49
"Garden, NE",1704.28
"Garfield, NE",569.79
"Gosper, NE",458.16
"Grant, NE",776.22
"Greeley, NE",569.81
"Hall, NE",546.29
"Hamilton, NE",542.88
"Harlan, NE",553.47
"Hayes, NE",713.06
"Hitchcock, NE",709.94
"Holt, NE",2412.4
"Hooker, NE",721.12
"Howard, NE",569.34
"Jefferson, NE",570.19
"Johnson, NE",376.05
"Kearney, NE",516.24
"Keith, NE",1061.6
"Keya Paha, NE",773.07
"Kimball, NE",951.85
"Knox, NE",1108.35
"Lancaster, NE",837.55
"Lincoln, NE",2564.07
"Logan, NE",570.66
"Loup, NE",568.29
"McPherson, NE",858.98
"Madison, NE",572.74
"Merrick, NE",484.88
"Morrill, NE",1423.84
"Nance, NE",441.63
"Nemaha, NE",407.38
"Nuckolls, NE",575.16
"Otoe, NE",615.63
"Pawnee, NE",431.08
"Perkins, NE",883.34
"Phelps, NE",539.79
"Pierce, NE",573.25
"Platte, NE",674.06
"Polk, NE",438.35
"Red Willow, NE",716.99
"Richardson, NE",551.84
"Rock, NE",1008.32
"Saline, NE",574.02
"Sarpy, NE",238.99
"Saunders, NE",750.23
"Scotts Bluff, NE",739.4
"Seward, NE",571.43
"Sheridan, NE",2440.86
"Sherman, NE",565.83
"Sioux, NE",2066.74
"Stanton, NE",427.95
"Thayer, NE",573.81
"Thomas, NE",713.24
"Thurston, NE",393.58
"Valley, NE",568.05
"Washington, NE",389.96
"Wayne, NE",442.92
"Webster, NE",574.91
"Wheeler, NE",575.18
"York, NE",572.51
NEVADA,109781.18
"Churchill, NV",4930.46
"Clark, NV",7891.43
"Douglas, NV",709.72
"Elko, NV",17169.83
"Esmeralda, NV",3581.88
"Eureka, NV",4175.68
"Humboldt, NV",9640.76
"Lander, NV",5490.11
"Lincoln, NV",10633.2
"Lyon, NV",2001.19
"Mineral, NV",3752.84
"Nye, NV",18181.92
"Pershing, NV",6036.56
"Storey, NV",262.92
"Washoe, NV",6302.37
"White Pine, NV",8875.65
"Carson City city, NV",144.66
NEW HAMPSHIRE,8952.65
"Belknap, NH",400.23
"Carroll, NH",931.06
"Cheshire, NH",706.66
"Coos, NH",1794.69
"Grafton, NH",1708.75
"Hillsborough, NH",876.14
"Merrimack, NH",934.12
"Rockingham, NH",694.72
"Strafford, NH",368.98
"Sullivan, NH",537.31
NEW JERSEY,7354.22
"Atlantic, NJ",555.7
"Bergen, NJ",233.01
"Burlington, NJ",798.58
"Camden, NJ",221.26
"Cape May, NJ",251.43
"Cumberland, NJ",483.7
"Essex, NJ",126.21
"Gloucester, NJ",322.01
"Hudson, NJ",46.19
"Hunterdon, NJ",427.82
"Mercer, NJ",224.56
"Middlesex, NJ",308.91
"Monmouth, NJ",468.79
"Morris, NJ",460.18
"Ocean, NJ",628.78
"Passaic, NJ",184.59
"Salem, NJ",331.9
"Somerset, NJ",301.81
"Sussex, NJ",519.01
"Union, NJ",102.86
"Warren, NJ",356.92
NEW MEXICO,121298.15
"Bernalillo, NM",1160.83
"Catron, NM",6923.69
"Chaves, NM",6065.28
"Cibola, NM",4539.48
"Colfax, NM",3758.06
"Curry, NM",1404.8
"De Baca, NM",2322.62
"Dona Ana, NM",3807.51
"Eddy, NM",4175.73
"Grant, NM",3961.63
"Guadalupe, NM",3030.48
"Harding, NM",2125.44
"Hidalgo, NM",3436.86
"Lea, NM",4390.93
"Lincoln, NM",4831.09
"Los Alamos, NM",109.17
"Luna, NM",2965.19
"McKinley, NM",5449.81
"Mora, NM",1931.27
"Otero, NM",6613.21
"Quay, NM",2874.35
"Rio Arriba, NM",5860.84
"Roosevelt, NM",2447.43
"Sandoval, NM",3710.65
"San Juan, NM",5513.07
"San Miguel, NM",4715.82
"Santa Fe, NM",1909.41
"Sierra, NM",4178.96
"Socorro, NM",6646.68
"Taos, NM",2203.11
"Torrance, NM",3344.85
"Union, NM",3823.74
"Valencia, NM",1066.18
NEW YORK,47126.4
"Albany, NY",522.8
"Allegany, NY",1029.31
"Bronx, NY",42.1
"Broome, NY",705.77
"Cattaraugus, NY",1308.35
"Cayuga, NY",691.58
"Chautauqua, NY",1060.23
"Chemung, NY",407.35
"Chenango, NY",893.55
"Clinton, NY",1037.85
"Columbia, NY",634.71
"Cortland, NY",498.76
"Delaware, NY",1442.44
"Dutchess, NY",795.63
"Erie, NY",1042.69
"Essex, NY",1794.23
"Franklin, NY",1629.12
"Fulton, NY",495.47
"Genesee, NY",492.94
"Greene, NY",647.16
"Hamilton, NY",1717.37
"Herkimer, NY",1411.47
"Jefferson, NY",1268.59
"Kings, NY",70.82
"Lewis, NY",1274.68
"Livingston, NY",631.76
"Madison, NY",654.84
"Monroe, NY",657.21
"Montgomery, NY",403.04
"Nassau, NY",284.72
"New York, NY",22.83
"Niagara, NY",522.36
"Oneida, NY",1212.43
"Onondaga, NY",778.39
"Ontario, NY",644.07
"Orange, NY",811.69
"Orleans, NY",391.26
"Oswego, NY",951.65
"Otsego, NY",1001.7
"Putnam, NY",230.31
"Queens, NY",108.53
"Rensselaer, NY",652.43
"Richmond, NY",58.37
"Rockland, NY",173.55
"St. Lawrence, NY",2680.38
"Saratoga, NY",809.98
"Schenectady, NY",204.52
"Schoharie, NY",621.82
"Schuyler, NY",328.33
"Seneca, NY",323.71
"Steuben, NY",1390.56
"Suffolk, NY",912.05
"Sullivan, NY",968.13
"Tioga, NY",518.6
"Tompkins, NY",474.65
"Ulster, NY",1124.24
"Warren, NY",866.95
"Washington, NY",831.18
"Wayne, NY",603.83
"Westchester, NY",430.5
"Wyoming, NY",592.75
"Yates, NY",338.14
NORTH CAROLINA,48617.91
"Alamance, NC",423.94
"Alexander, NC",259.99
"Alleghany, NC",235.06
"Anson, NC",531.45
"Ashe, NC",426.14
"Avery, NC",247.09
"Beaufort, NC",827.19
"Bertie, NC",699.27
"Bladen, NC",874.33
"Brunswick, NC",846.97
"Buncombe, NC",656.67
"Burke, NC",507.1
"Cabarrus, NC",361.75
"Caldwell, NC",471.57
"Camden, NC",240.56
"Carteret, NC",506.25
"Caswell, NC",424.92
"Catawba, NC",398.72
"Chatham, NC",682.19
"Cherokee, NC",455.43
"Chowan, NC",172.47
"Clay, NC",214.75
"Cleveland, NC",464.25
"Columbus, NC",937.29
"Craven, NC",708.96
"Cumberland, NC",652.32
"Currituck, NC",261.85
"Dare, NC",383.42
"Davidson, NC",552.68
"Davie, NC",264.11
"Duplin, NC",816.22
"Durham, NC",285.98
"Edgecombe, NC",505.34
"Forsyth, NC",408.15
"Franklin, NC",491.68
"Gaston, NC",356.03
"Gates, NC",340.45
"Graham, NC",292.08
"Granville, NC",531.57
"Greene, NC",265.93
"Guilford, NC",645.7
"Halifax, NC",724.09
"Harnett, NC",594.99
"Haywood, NC",553.69
"Henderson, NC",373.07
"Hertford, NC",353.06
"Hoke, NC",390.74
"Hyde, NC",612.7
"Iredell, NC",573.83
"Jackson, NC",490.76
"Johnston, NC",791.3
"Jones, NC",470.71
"Lee, NC",254.96
"Lenoir, NC",400.59
"Lincoln, NC",297.94
"McDowell, NC",440.61
"Macon, NC",515.56
"Madison, NC",449.57
"Martin, NC",461.22
"Mecklenburg, NC",523.84
"Mitchell, NC",221.43
"Montgomery, NC",491.76
"Moore, NC",697.84
"Nash, NC",540.41
"New Hanover, NC",191.53
"Northampton, NC",536.59
"Onslow, NC",762.74
"Orange, NC",397.96
"Pamlico, NC",336.54
"Pasquotank, NC",226.88
"Pender, NC",869.8
"Perquimans, NC",247.09
"Person, NC",392.32
"Pitt, NC",651.98
"Polk, NC",237.79
"Randolph, NC",782.52
"Richmond, NC",473.82
"Robeson, NC",949.22
"Rockingham, NC",565.55
"Rowan, NC",511.37
"Rutherford, NC",564.15
"Sampson, NC",944.74
"Scotland, NC",318.85
"Stanly, NC",395.09
"Stokes, NC",448.86
"Surry, NC",532.17
"Swain, NC",528
"Transylvania, NC",378.53
"Tyrrell, NC",389.04
"Union, NC",631.52
"Vance, NC",253.52
"Wake, NC",835.22
"Warren, NC",428.46
"Washington, NC",348.14
"Watauga, NC",312.56
"Wayne, NC",553.09
"Wilkes, NC",754.28
"Wilson, NC",368.17
"Yadkin, NC",334.83
"Yancey, NC",312.6
NORTH DAKOTA,69000.8
"Adams, ND",987.62
"Barnes, ND",1491.55
"Benson, ND",1388.71
"Billings, ND",1148.85
"Bottineau, ND",1668.42
"Bowman, ND",1161.81
"Burke, ND",1103.57
"Burleigh, ND",1632.65
"Cass, ND",1764.94
"Cavalier, ND",1488.75
"Dickey, ND",1131.47
"Divide, ND",1260.79
"Dunn, ND",2008.46
"Eddy, ND",630.17
"Emmons, ND",1510.44
"Foster, ND",635.45
"Golden Valley, ND",1000.79
"Grand Forks, ND",1436.38
"Grant, ND",1659.14
"Griggs, ND",708.82
"Hettinger, ND",1132.22
"Kidder, ND",1351.19
"LaMoure, ND",1145.94
"Logan, ND",992.82
"McHenry, ND",1873.95
"McIntosh, ND",974.73
"McKenzie, ND",2760.32
"McLean, ND",2110.88
"Mercer, ND",1042.96
"Morton, ND",1926.27
"Mountrail, ND",1825.3
"Nelson, ND",981.78
"Oliver, ND",722.51
"Pembina, ND",1118.69
"Pierce, ND",1018.6
"Ramsey, ND",1186.85
"Ransom, ND",862.36
"Renville, ND",877.05
"Richland, ND",1435.78
"Rolette, ND",903.08
"Sargent, ND",858.51
"Sheridan, ND",972.38
"Sioux, ND",1094.09
"Slope, ND",1214.92
"Stark, ND",1334.74
"Steele, ND",712.22
"Stutsman, ND",2221.72
"Towner, ND",1024.56
"Traill, ND",861.95
"Walsh, ND",1281.93
"Ward, ND",2013.28
"Wells, ND",1271.05
"Williams, ND",2077.4
OHIO,40860.69
"Adams, OH",583.87
"Allen, OH",402.5
"Ashland, OH",422.95
"Ashtabula, OH",701.93
"Athens, OH",503.6
"Auglaize, OH",401.39
"Belmont, OH",532.13
"Brown, OH",490.02
"Butler, OH",467.06
"Carroll, OH",394.61
"Champaign, OH",428.67
"Clark, OH",397.47
"Clermont, OH",452.1
"Clinton, OH",408.68
"Columbiana, OH",531.89
"Coshocton, OH",563.91
"Crawford, OH",401.79
"Cuyahoga, OH",457.19
"Darke, OH",598.1
"Defiance, OH",411.46
"Delaware, OH",443.1
"Erie, OH",251.56
"Fairfield, OH",504.41
"Fayette, OH",406.36
"Franklin, OH",532.19
"Fulton, OH",405.44
"Gallia, OH",466.53
"Geauga, OH",400.16
"Greene, OH",413.73
"Guernsey, OH",522.25
"Hamilton, OH",405.91
"Hancock, OH",531.36
"Hardin, OH",470.41
"Harrison, OH",402.34
"Henry, OH",416.01
"Highland, OH",553.08
"Hocking, OH",421.32
"Holmes, OH",422.53
"Huron, OH",491.5
"Jackson, OH",420.3
"Jefferson, OH",408.33
"Knox, OH",525.49
"Lake, OH",227.49
"Lawrence, OH",453.37
"Licking, OH",682.5
"Logan, OH",458.43
"Lorain, OH",491.1
"Lucas, OH",340.86
"Madison, OH",465.88
"Mahoning, OH",411.62
"Marion, OH",403.76
"Medina, OH",421.36
"Meigs, OH",430.1
"Mercer, OH",462.45
"Miami, OH",406.58
"Monroe, OH",455.72
"Montgomery, OH",461.55
"Morgan, OH",416.42
"Morrow, OH",406.08
"Muskingum, OH",664.58
"Noble, OH",398.01
"Ottawa, OH",254.92
"Paulding, OH",416.44
"Perry, OH",407.97
"Pickaway, OH",501.32
"Pike, OH",440.28
"Portage, OH",487.38
"Preble, OH",424.12
"Putnam, OH",482.52
"Richland, OH",495.27
"Ross, OH",689.19
"Sandusky, OH",408.45
"Scioto, OH",610.21
"Seneca, OH",551.02
"Shelby, OH",407.68
"Stark, OH",575.27
"Summit, OH",412.75
"Trumbull, OH",618.3
"Tuscarawas, OH",567.64
"Union, OH",431.73
"Van Wert, OH",409.16
"Vinton, OH",412.36
"Warren, OH",401.31
"Washington, OH",631.97
"Wayne, OH",554.93
"Williams, OH",420.97
"Wood, OH",617.21
"Wyandot, OH",406.87
OKLAHOMA,68594.92
"Adair, OK",573.48
"Alfalfa, OK",866.46
"Atoka, OK",975.52
"Beaver, OK",1814.67
"Beckham, OK",901.81
"Blaine, OK",928.42
"Bryan, OK",904.47
"Caddo, OK",1278.29
"Canadian, OK",896.63
"Carter, OK",822.18
"Cherokee, OK",749.41
"Choctaw, OK",770.36
"Cimarron, OK",1834.74
"Cleveland, OK",538.77
"Coal, OK",516.68
"Comanche, OK",1069.29
"Cotton, OK",632.65
"Craig, OK",761.35
"Creek, OK",950.14
"Custer, OK",988.82
"Delaware, OK",738.18
"Dewey, OK",999.48
"Ellis, OK",1231.52
"Garfield, OK",1058.47
"Garvin, OK",802.12
"Grady, OK",1100.5
"Grant, OK",1000.87
"Greer, OK",639.32
"Harmon, OK",537.19
"Harper, OK",1039.02
"Haskell, OK",576.52
"Hughes, OK",804.65
"Jackson, OK",802.65
"Jefferson, OK",758.83
"Johnston, OK",642.94
"Kay, OK",919.73
"Kingfisher, OK",898.16
"Kiowa, OK",1015.23
"Latimer, OK",722.08
"Le Flore, OK",1589.21
"Lincoln, OK",952.31
"Logan, OK",743.83
"Love, OK",514
"McClain, OK",570.7
"McCurtain, OK",1850.01
"McIntosh, OK",618.5
"Major, OK",954.99
"Marshall, OK",371.08
"Mayes, OK",655.39
"Murray, OK",416.46
"Muskogee, OK",810.45
"Noble, OK",731.9
"Nowata, OK",565.78
"Okfuskee, OK",618.57
"Oklahoma, OK",708.82
"Okmulgee, OK",697.35
"Osage, OK",2246.36
"Ottawa, OK",470.82
"Pawnee, OK",567.96
"Payne, OK",684.7
"Pittsburg, OK",1305.46
"Pontotoc, OK",720.44
"Pottawatomie, OK",787.67
"Pushmataha, OK",1395.84
"Roger Mills, OK",1141.14
"Rogers, OK",675.63
"Seminole, OK",632.84
"Sequoyah, OK",673.27
"Stephens, OK",870.24
"Texas, OK",2041.26
"Tillman, OK",871.13
"Tulsa, OK",570.25
"Wagoner, OK",561.56
"Washington, OK",415.45
"Washita, OK",1003.17
"Woods, OK",1286.45
"Woodward, OK",1242.4
OREGON,95988.01
"Baker, OR",3068.36
"Benton, OR",675.94
"Clackamas, OR",1870.32
"Clatsop, OR",829.05
"Columbia, OR",657.36
"Coos, OR",1596.17
"Crook, OR",2979.09
"Curry, OR",1627.46
"Deschutes, OR",3018.19
"Douglas, OR",5036.08
"Gilliam, OR",1204.81
"Grant, OR",4528.54
"Harney, OR",10133.17
"Hood River, OR",521.95
"Jackson, OR",2783.55
"Jefferson, OR",1780.79
"Josephine, OR",1639.67
"Klamath, OR",5941.05
"Lake, OR",8138.98
"Lane, OR",4553.12
"Lincoln, OR",979.77
"Linn, OR",2290.13
"Malheur, OR",9887.53
"Marion, OR",1182.33
"Morrow, OR",2031.61
"Multnomah, OR",431.3
"Polk, OR",740.79
"Sherman, OR",823.69
"Tillamook, OR",1102.58
"Umatilla, OR",3215.51
"Union, OR",2036.61
"Wallowa, OR",3146.19
"Wasco, OR",2381.52
"Washington, OR",724.23
"Wheeler, OR",1714.75
"Yamhill, OR",715.86
PENNSYLVANIA,44742.7
"Adams, PA",518.67
"Allegheny, PA",730.08
"Armstrong, PA",653.2
"Beaver, PA",434.71
"Bedford, PA",1012.3
"Berks, PA",856.51
"Blair, PA",525.8
"Bradford, PA",1147.4
"Bucks, PA",604.31
"Butler, PA",788.6
"Cambria, PA",688.35
"Cameron, PA",396.23
"Carbon, PA",381.46
"Centre, PA",1109.92
"Chester, PA",750.51
"Clarion, PA",600.83
"Clearfield, PA",1144.72
"Clinton, PA",887.98
"Columbia, PA",483.11
"Crawford, PA",1012.3
"Cumberland, PA",545.46
"Dauphin, PA",525.05
"Delaware, PA",183.84
"Elk, PA",827.36
"Erie, PA",799.15
"Fayette, PA",790.34
"Forest, PA",427.19
"Franklin, PA",772.22
"Fulton, PA",437.55
"Greene, PA",575.95
"Huntingdon, PA",874.64
"Indiana, PA",827.03
"Jefferson, PA",652.43
"Juniata, PA",391.35
"Lackawanna, PA",459.08
"Lancaster, PA",943.81
"Lawrence, PA",358.18
"Lebanon, PA",361.83
"Lehigh, PA",345.17
"Luzerne, PA",890.33
"Lycoming, PA",1228.59
"McKean, PA",979.2
"Mercer, PA",672.58
"Mifflin, PA",411.03
"Monroe, PA",608.29
"Montgomery, PA",483.04
"Montour, PA",130.24
"Northampton, PA",369.67
"Northumberland, PA",458.37
"Perry, PA",551.45
"Philadelphia, PA",134.1
"Pike, PA",544.96
"Potter, PA",1081.32
"Schuylkill, PA",778.63
"Snyder, PA",328.71
"Somerset, PA",1074.37
"Sullivan, PA",449.94
"Susquehanna, PA",823.44
"Tioga, PA",1133.79
"Union, PA",315.98
"Venango, PA",674.28
"Warren, PA",884.14
"Washington, PA",856.99
"Wayne, PA",725.6
"Westmoreland, PA",1027.55
"Wyoming, PA",397.32
"York, PA",904.18
RHODE ISLAND,1033.81
"Bristol, RI",24.16
"Kent, RI",168.53
"Newport, RI",102.39
"Providence, RI",409.5
"Washington, RI",329.24
SOUTH CAROLINA,30060.7
"Abbeville, SC",490.48
"Aiken, SC",1071.03
"Allendale, SC",408.09
"Anderson, SC",715.43
"Bamberg, SC",393.37
"Barnwell, SC",548.39
"Beaufort, SC",576.28
"Berkeley, SC",1098.86
"Calhoun, SC",381.15
"Charleston, SC",916.09
"Cherokee, SC",392.66
"Chester, SC",580.66
"Chesterfield, SC",799.08
"Clarendon, SC",606.94
"Colleton, SC",1056.49
"Darlington, SC",561.15
"Dillon, SC",404.87
"Dorchester, SC",573.23
"Edgefield, SC",500.41
"Fairfield, SC",686.28
"Florence, SC",799.96
"Georgetown, SC",813.55
"Greenville, SC",785.12
"Greenwood, SC",454.73
"Hampton, SC",559.9
"Horry, SC",1133.9
"Jasper, SC",655.32
"Kershaw, SC",726.56
"Lancaster, SC",549.16
"Laurens, SC",713.8
"Lee, SC",410.18
"Lexington, SC",698.91
"McCormick, SC",359.13
"Marion, SC",489.23
"Marlboro, SC",479.67
"Newberry, SC",630.04
"Oconee, SC",626.33
"Orangeburg, SC",1106.1
"Pickens, SC",496.41
"Richland, SC",757.07
"Saluda, SC",452.78
"Spartanburg, SC",807.93
"Sumter, SC",665.07
"Union, SC",514.17
"Williamsburg, SC",934.16
"York, SC",680.6
SOUTH DAKOTA,75811
"Aurora, SD",708.43
"Beadle, SD",1258.71
"Bennett, SD",1184.71
"Bon Homme, SD",563.7
"Brookings, SD",792.21
"Brown, SD",1712.98
"Brule, SD",817.24
"Buffalo, SD",471.38
"Butte, SD",2249.9
"Campbell, SD",733.68
"Charles Mix, SD",1097.49
"Clark, SD",957.6
"Clay, SD",412.19
"Codington, SD",688.5
"Corson, SD",2469.69
"Custer, SD",1557
"Davison, SD",435.56
"Day, SD",1027.87
"Deuel, SD",622.69
"Dewey, SD",2302.49
"Douglas, SD",431.8
"Edmunds, SD",1125.96
"Fall River, SD",1739.92
"Faulk, SD",981.75
"Grant, SD",681.46
"Gregory, SD",1014.96
"Haakon, SD",1810.53
"Hamlin, SD",507.23
"Hand, SD",1436.61
"Hanson, SD",434.51
"Harding, SD",2671.38
"Hughes, SD",741.56
"Hutchinson, SD",812.9
"Hyde, SD",860.52
"Jackson, SD",1863.91
"Jerauld, SD",526.23
"Jones, SD",969.68
"Kingsbury, SD",832.24
"Lake, SD",563.28
"Lawrence, SD",800.04
"Lincoln, SD",577.28
"Lyman, SD",1641.94
"McCook, SD",574.2
"McPherson, SD",1136.64
"Marshall, SD",838.07
"Meade, SD",3470.98
"Mellette, SD",1307.31
"Miner, SD",570.31
"Minnehaha, SD",807.15
"Moody, SD",519.39
"Pennington, SD",2776.55
"Perkins, SD",2870.48
"Potter, SD",861.14
"Roberts, SD",1101.04
"Sanborn, SD",569.32
"Shannon, SD",2093.9
"Spink, SD",1503.93
"Stanley, SD",1444.43
"Sully, SD",1006.82
"Todd, SD",1388.56
"Tripp, SD",1612.45
"Turner, SD",617.06
"Union, SD",460.54
"Walworth, SD",708.63
"Yankton, SD",521.16
"Ziebach, SD",1961.27
TENNESSEE,41234.9
"Anderson, TN",337.16
"Bedford, TN",473.64
"Benton, TN",394.14
"Bledsoe, TN",406.43
"Blount, TN",558.71
"Bradley, TN",328.76
"Campbell, TN",480.19
"Cannon, TN",265.64
"Carroll, TN",599.25
"Carter, TN",341.2
"Cheatham, TN",302.44
"Chester, TN",285.74
"Claiborne, TN",434.58
"Clay, TN",236.54
"Cocke, TN",434.57
"Coffee, TN",428.96
"Crockett, TN",265.54
"Cumberland, TN",681.03
"Davidson, TN",504.03
"Decatur, TN",333.85
"DeKalb, TN",304.35
"Dickson, TN",489.9
"Dyer, TN",512.33
"Fayette, TN",704.79
"Fentress, TN",498.61
"Franklin, TN",554.54
"Gibson, TN",602.74
"Giles, TN",610.93
"Grainger, TN",280.6
"Greene, TN",622.17
"Grundy, TN",360.53
"Hamblen, TN",161.18
"Hamilton, TN",542.43
"Hancock, TN",222.34
"Hardeman, TN",667.77
"Hardin, TN",577.32
"Hawkins, TN",486.98
"Haywood, TN",533.11
"Henderson, TN",520.07
"Henry, TN",562.1
"Hickman, TN",612.5
"Houston, TN",200.29
"Humphreys, TN",530.98
"Jackson, TN",308.32
"Jefferson, TN",274.08
"Johnson, TN",298.48
"Knox, TN",508.22
"Lake, TN",165.78
"Lauderdale, TN",471.99
"Lawrence, TN",617.13
"Lewis, TN",282.09
"Lincoln, TN",570.34
"Loudon, TN",229.22
"McMinn, TN",430.13
"McNairy, TN",562.86
"Macon, TN",307.14
"Madison, TN",557.12
"Marion, TN",498.16
"Marshall, TN",375.46
"Maury, TN",613.14
"Meigs, TN",195.12
"Monroe, TN",635.57
"Montgomery, TN",539.18
"Moore, TN",129.22
"Morgan, TN",522.18
"Obion, TN",544.73
"Overton, TN",433.48
"Perry, TN",414.73
"Pickett, TN",162.98
"Polk, TN",434.68
"Putnam, TN",401.1
"Rhea, TN",315.38
"Roane, TN",360.71
"Robertson, TN",476.29
"Rutherford, TN",619.36
"Scott, TN",532.3
"Sequatchie, TN",265.86
"Sevier, TN",592.5
"Shelby, TN",763.17
"Smith, TN",314.29
"Stewart, TN",459.33
"Sullivan, TN",413.36
"Sumner, TN",529.45
"Tipton, TN",458.37
"Trousdale, TN",114.19
"Unicoi, TN",186.17
"Union, TN",223.55
"Van Buren, TN",273.42
"Warren, TN",432.68
"Washington, TN",326.47
"Wayne, TN",734.1
"Weakley, TN",580.36
"White, TN",376.67
"Williamson, TN",582.6
"Wilson, TN",570.83
TEXAS,261231.71
"Anderson, TX",1062.6
"Andrews, TX",1500.71
"Angelina, TX",797.78
"Aransas, TX",252.07
"Archer, TX",903.11
"Armstrong, TX",909.11
"Atascosa, TX",1219.54
"Austin, TX",646.51
"Bailey, TX",826.8
"Bandera, TX",790.96
"Bastrop, TX",888.15
"Baylor, TX",867.48
"Bee, TX",880.24
"Bell, TX",1051.02
"Bexar, TX",1239.82
"Blanco, TX",709.25
"Borden, TX",897.44
"Bosque, TX",982.98
"Bowie, TX",885.01
"Brazoria, TX",1357.7
"Brazos, TX",585.45
"Brewster, TX",6183.73
"Briscoe, TX",900
"Brooks, TX",943.36
"Brown, TX",944.43
"Burleson, TX",659.03
"Burnet, TX",994.26
"Caldwell, TX",545.26
"Calhoun, TX",506.84
"Callahan, TX",899.37
"Cameron, TX",890.92
"Camp, TX",195.83
"Carson, TX",920.22
"Cass, TX",936.96
"Castro, TX",894.43
"Chambers, TX",597.14
"Cherokee, TX",1052.91
"Childress, TX",696.41
"Clay, TX",1088.72
"Cochran, TX",775.15
"Coke, TX",911.47
"Coleman, TX",1261.95
"Collin, TX",841.23
"Collingsworth, TX",918.44
"Colorado, TX",960.27
"Comal, TX",559.48
"Comanche, TX",937.75
"Concho, TX",983.8
"Cooke, TX",874.76
"Coryell, TX",1052.07
"Cottle, TX",900.56
"Crane, TX",785.07
"Crockett, TX",2807.33
"Crosby, TX",900.2
"Culberson, TX",3812.8
"Dallam, TX",1503.26
"Dallas, TX",871.28
"Dawson, TX",900.31
"Deaf Smith, TX",1496.87
"Delta, TX",256.83
"Denton, TX",878.43
"DeWitt, TX",908.98
"Dickens, TX",901.72
"Dimmit, TX",1328.88
"Donley, TX",926.89
"Duval, TX",1793.48
"Eastland, TX",926.49
"Ector, TX",897.69
"Edwards, TX",2117.86
"Ellis, TX",935.49
"El Paso, TX",1012.69
"Erath, TX",1083.07
"Falls, TX",765.48
"Fannin, TX",890.84
"Fayette, TX",950.01
"Fisher, TX",898.94
"Floyd, TX",992.14
"Foard, TX",704.4
"Fort Bend, TX",861.48
"Franklin, TX",284.39
"Freestone, TX",877.74
"Frio, TX",1133.5
"Gaines, TX",1502.38
"Galveston, TX",378.36
"Garza, TX",893.41
"Gillespie, TX",1058.21
"Glasscock, TX",900.22
"Goliad, TX",852.01
"Gonzales, TX",1066.69
"Gray, TX",925.97
"Grayson, TX",932.8
"Gregg, TX",273.3
"Grimes, TX",787.46
"Guadalupe, TX",711.3
"Hale, TX",1004.68
"Hall, TX",883.49
"Hamilton, TX",835.91
"Hansford, TX",919.81
"Hardeman, TX",695.11
"Hardin, TX",890.57
"Harris, TX",1703.48
"Harrison, TX",899.95
"Hartley, TX",1462.03
"Haskell, TX",903.13
"Hays, TX",677.98
"Hemphill, TX",906.29
"Henderson, TX",873.75
"Hidalgo, TX",1570.87
"Hill, TX",958.86
"Hockley, TX",908.39
"Hood, TX",420.64
"Hopkins, TX",767.17
"Houston, TX",1230.91
"Howard, TX",900.79
"Hudspeth, TX",4570.98
"Hunt, TX",840.32
"Hutchinson, TX",887.42
"Irion, TX",1051.56
"Jack, TX",910.66
"Jackson, TX",829.44
"Jasper, TX",938.85
"Jeff Davis, TX",2264.56
"Jefferson, TX",876.3
"Jim Hogg, TX",1136.14
"Jim Wells, TX",864.97
"Johnson, TX",724.69
"Jones, TX",928.55
"Karnes, TX",747.56
"Kaufman, TX",780.7
"Kendall, TX",662.45
"Kenedy, TX",1458.33
"Kent, TX",902.51
"Kerr, TX",1103.32
"Kimble, TX",1250.99
"King, TX",910.87
"Kinney, TX",1360.06
"Kleberg, TX",881.31
"Knox, TX",850.62
"Lamar, TX",907.19
"Lamb, TX",1016.18
"Lampasas, TX",712.84
"La Salle, TX",1486.69
"Lavaca, TX",969.71
"Lee, TX",629.02
"Leon, TX",1073.15
"Liberty, TX",1158.42
"Limestone, TX",905.29
"Lipscomb, TX",932.18
"Live Oak, TX",1039.7
"Llano, TX",934.03
"Loving, TX",668.93
"Lubbock, TX",895.6
"Lynn, TX",891.87
"McCulloch, TX",1065.6
"McLennan, TX",1037.1
"McMullen, TX",1139.43
"Madison, TX",466.07
"Marion, TX",380.88
"Martin, TX",914.94
"Mason, TX",928.8
"Matagorda, TX",1100.28
"Maverick, TX",1279.26
"Medina, TX",1325.36
"Menard, TX",902.03
"Midland, TX",900.3
"Milam, TX",1016.93
"Mills, TX",748.26
"Mitchell, TX",911.09
"Montague, TX",930.91
"Montgomery, TX",1041.74
"Moore, TX",899.69
"Morris, TX",251.99
"Motley, TX",989.56
"Nacogdoches, TX",946.54
"Navarro, TX",1009.63
"Newton, TX",933.68
"Nolan, TX",912
"Nueces, TX",838.48
"Ochiltree, TX",917.63
"Oldham, TX",1500.53
"Orange, TX",333.67
"Palo Pinto, TX",951.79
"Panola, TX",801.75
"Parker, TX",903.48
"Parmer, TX",880.78
"Pecos, TX",4763.85
"Polk, TX",1057.09
"Potter, TX",908.37
"Presidio, TX",3855.24
"Rains, TX",229.45
"Randall, TX",911.54
"Reagan, TX",1175.3
"Real, TX",699.2
"Red River, TX",1036.58
"Reeves, TX",2635.38
"Refugio, TX",770.44
"Roberts, TX",924.06
"Robertson, TX",855.68
"Rockwall, TX",127.04
"Runnels, TX",1050.95
"Rusk, TX",924.03
"Sabine, TX",491.39
"San Augustine, TX",530.66
"San Jacinto, TX",569.24
"San Patricio, TX",693.45
"San Saba, TX",1135.3
"Schleicher, TX",1310.63
"Scurry, TX",905.44
"Shackelford, TX",914.29
"Shelby, TX",795.58
"Sherman, TX",923.04
"Smith, TX",921.45
"Somervell, TX",186.46
"Starr, TX",1223.18
"Stephens, TX",896.72
"Sterling, TX",923.45
"Stonewall, TX",916.31
"Sutton, TX",1453.93
"Swisher, TX",890.16
"Tarrant, TX",863.61
"Taylor, TX",915.55
"Terrell, TX",2358.03
"Terry, TX",888.84
"Throckmorton, TX",912.55
"Titus, TX",406.05
"Tom Green, TX",1521.97
"Travis, TX",990.2
"Trinity, TX",693.61
"Tyler, TX",924.5
"Upshur, TX",582.95
"Upton, TX",1241.32
"Uvalde, TX",1551.95
"Val Verde, TX",3144.75
"Van Zandt, TX",842.56
"Victoria, TX",882.14
"Walker, TX",784.17
"Waller, TX",513.43
"Ward, TX",835.6
"Washington, TX",603.95
"Webb, TX",3361.48
"Wharton, TX",1086.15
"Wheeler, TX",914.52
"Wichita, TX",627.78
"Wilbarger, TX",970.84
"Willacy, TX",590.55
"Williamson, TX",1118.3
"Wilson, TX",803.73
"Winkler, TX",841.11
"Wise, TX",904.42
"Wood, TX",645.23
"Yoakum, TX",799.71
"Young, TX",914.47
"Zapata, TX",998.41
"Zavala, TX",1297.41
UTAH,82169.62
"Beaver, UT",2589.88
"Box Elder, UT",5745.55
"Cache, UT",1164.81
"Carbon, UT",1478.49
"Daggett, UT",696.98
"Davis, UT",298.78
"Duchesne, UT",3240.95
"Emery, UT",4462.31
"Garfield, UT",5175.12
"Grand, UT",3671.54
"Iron, UT",3296.68
"Juab, UT",3392.28
"Kane, UT",3990.23
"Millard, UT",6572.43
"Morgan, UT",609.2
"Piute, UT",757.79
"Rich, UT",1028.78
"Salt Lake, UT",742.28
"San Juan, UT",7819.99
"Sanpete, UT",1590.15
"Sevier, UT",1910.58
"Summit, UT",1871.71
"Tooele, UT",6941.35
"Uintah, UT",4479.69
"Utah, UT",2003.45
"Wasatch, UT",1175.5
"Washington, UT",2426.36
"Wayne, UT",2460.68
"Weber, UT",576.08
VERMONT,9216.66
"Addison, VT",766.33
"Bennington, VT",674.98
"Caledonia, VT",648.86
"Chittenden, VT",536.58
"Essex, VT",663.6
"Franklin, VT",633.71
"Grand Isle, VT",81.81
"Lamoille, VT",458.8
"Orange, VT",687.03
"Orleans, VT",693.27
"Rutland, VT",929.82
"Washington, VT",687.23
"Windham, VT",785.31
"Windsor, VT",969.34
VIRGINIA,39490.09
"Accomack, VA",449.5
"Albemarle, VA",720.7
"Alleghany, VA",445.46
"Amelia, VA",355.27
"Amherst, VA",473.93
"Appomattox, VA",333.49
"Arlington, VA",25.97
"Augusta, VA",967
"Bath, VA",529.16
"Bedford, VA",753.02
"Bland, VA",357.73
"Botetourt, VA",541.2
"Brunswick, VA",566.17
"Buchanan, VA",502.76
"Buckingham, VA",579.66
"Campbell, VA",503.87
"Caroline, VA",527.51
"Carroll, VA",474.69
"Charles City, VA",182.82
"Charlotte, VA",475.27
"Chesterfield, VA",423.3
"Clarke, VA",176.18
"Craig, VA",329.53
"Culpeper, VA",379.23
"Cumberland, VA",297.46
"Dickenson, VA",330.53
"Dinwiddie, VA",503.72
"Essex, VA",257.12
"Fairfax, VA",390.97
"Fauquier, VA",647.45
"Floyd, VA",380.42
"Fluvanna, VA",286.01
"Franklin, VA",690.43
"Frederick, VA",413.5
"Giles, VA",355.78
"Gloucester, VA",217.81
"Goochland, VA",281.42
"Grayson, VA",442.18
"Greene, VA",156.25
"Greensville, VA",295.23
"Halifax, VA",817.84
"Hanover, VA",468.54
"Henrico, VA",233.7
"Henry, VA",382.33
"Highland, VA",415.16
"Isle of Wight, VA",315.61
"James City, VA",142.44
"King and Queen, VA",315.14
"King George, VA",179.64
"King William, VA",273.94
"Lancaster, VA",133.25
"Lee, VA",435.52
"Loudoun, VA",515.56
"Louisa, VA",496.3
"Lunenburg, VA",431.68
"Madison, VA",320.68
"Mathews, VA",85.93
"Mecklenburg, VA",625.49
"Middlesex, VA",130.31
"Montgomery, VA",387.01
"Nelson, VA",470.86
"New Kent, VA",209.73
"Northampton, VA",211.61
"Northumberland, VA",191.3
"Nottoway, VA",314.39
"Orange, VA",340.78
"Page, VA",310.86
"Patrick, VA",483.1
"Pittsylvania, VA",968.94
"Powhatan, VA",260.22
"Prince Edward, VA",349.96
"Prince George, VA",265.16
"Prince William, VA",336.4
"Pulaski, VA",319.86
"Rappahannock, VA",266.23
"Richmond, VA",191.49
"Roanoke, VA",250.52
"Rockbridge, VA",597.56
"Rockingham, VA",849.09
"Russell, VA",473.82
"Scott, VA",535.53
"Shenandoah, VA",508.78
"Smyth, VA",450.93
"Southampton, VA",599.15
"Spotsylvania, VA",401.5
"Stafford, VA",268.96
"Surry, VA",278.95
"Sussex, VA",490.22
"Tazewell, VA",518.85
"Warren, VA",213.47
"Washington, VA",560.98
"Westmoreland, VA",229.38
"Wise, VA",403.19
"Wythe, VA",461.82
"York, VA",104.78
"Alexandria, VA",15.03
"Bedford, VA",6.88
"Bristol, VA",13.01
"Buena Vista, VA",6.7
"Charlottesville, VA",10.24
"Chesapeake, VA",340.8
"Clifton Forge, VA",0
"Colonial Heights, VA",7.52
"Covington, VA",5.47
"Danville, VA",42.93
"Emporia, VA",6.89
"Fairfax, VA",6.24
"Falls Church, VA",2
"Franklin, VA",8.21
"Fredericksburg, VA",10.44
"Galax, VA",8.24
"Hampton, VA",51.41
"Harrisonburg, VA",17.42
"Hopewell, VA",10.28
"Lexington, VA",2.5
"Lynchburg, VA",49.13
"Manassas, VA",9.88
"Manassas Park, VA",2.53
"Martinsville, VA",10.96
"Newport News, VA",68.71
"Norfolk, VA",54.12
"Norton, VA",7.48
"Petersburg, VA",22.93
"Poquoson, VA",15.32
"Portsmouth, VA",33.65
"Radford, VA",9.87
"Richmond, VA",59.81
"Roanoke, VA",42.56
"Salem, VA",14.44
"South Boston, VA",0
"Staunton, VA",19.98
"Suffolk, VA",400.17
"Virginia Beach, VA",249.02
"Waynesboro, VA",15.04
"Williamsburg, VA",9.02
"Winchester, VA",9.23
WASHINGTON,66455.52
"Adams, WA",1924.98
"Asotin, WA",636.21
"Benton, WA",1700.38
"Chelan, WA",2920.53
"Clallam, WA",1738.33
"Clark, WA",629
"Columbia, WA",868.63
"Cowlitz, WA",1140.13
"Douglas, WA",1819.26
"Ferry, WA",2203.16
"Franklin, WA",1242.17
"Garfield, WA",710.69
"Grant, WA",2679.51
"Grays Harbor, WA",1902.03
"Island, WA",208.45
"Jefferson, WA",1803.7
"King, WA",2115.57
"Kitsap, WA",394.94
"Kittitas, WA",2297.27
"Klickitat, WA",1871.31
"Lewis, WA",2402.8
"Lincoln, WA",2310.49
"Mason, WA",959.42
"Okanogan, WA",5267.98
"Pacific, WA",932.66
"Pend Oreille, WA",1399.99
"Pierce, WA",1669.51
"San Juan, WA",173.92
"Skagit, WA",1731.2
"Skamania, WA",1655.68
"Snohomish, WA",2087.27
"Spokane, WA",1763.79
"Stevens, WA",2477.77
"Thurston, WA",721.96
"Wahkiakum, WA",263.38
"Walla Walla, WA",1270.13
"Whatcom, WA",2106.86
"Whitman, WA",2159.09
"Yakima, WA",4295.4
WEST VIRGINIA,24038.21
"Barbour, WV",341.06
"Berkeley, WV",321.14
"Boone, WV",501.54
"Braxton, WV",510.81
"Brooke, WV",89.21
"Cabell, WV",281.02
"Calhoun, WV",279.25
"Clay, WV",341.9
"Doddridge, WV",319.72
"Fayette, WV",661.55
"Gilmer, WV",338.5
"Grant, WV",477.37
"Greenbrier, WV",1019.57
"Hampshire, WV",640.25
"Hancock, WV",82.61
"Hardy, WV",582.31
"Harrison, WV",416.01
"Jackson, WV",464.35
"Jefferson, WV",209.64
"Kanawha, WV",901.59
"Lewis, WV",384.9
"Lincoln, WV",437.04
"Logan, WV",453.74
"McDowell, WV",533.46
"Marion, WV",308.74
"Marshall, WV",305.43
"Mason, WV",430.75
"Mercer, WV",418.99
"Mineral, WV",327.83
"Mingo, WV",423.11
"Monongalia, WV",360.06
"Monroe, WV",472.75
"Morgan, WV",229.07
"Nicholas, WV",646.82
"Ohio, WV",105.82
"Pendleton, WV",696.05
"Pleasants, WV",130.1
"Pocahontas, WV",940.28
"Preston, WV",648.81
"Putnam, WV",345.67
"Raleigh, WV",605.35
"Randolph, WV",1039.68
"Ritchie, WV",451.99
"Roane, WV",483.56
"Summers, WV",360.46
"Taylor, WV",172.77
"Tucker, WV",418.92
"Tyler, WV",256.29
"Upshur, WV",354.64
"Wayne, WV",505.98
"Webster, WV",553.47
"Wetzel, WV",358.06
"Wirt, WV",232.51
"Wood, WV",366.26
"Wyoming, WV",499.45
WISCONSIN,54157.8
"Adams, WI",645.65
"Ashland, WI",1045.04
"Barron, WI",862.71
"Bayfield, WI",1477.86
"Brown, WI",529.71
"Buffalo, WI",671.64
"Burnett, WI",821.85
"Calumet, WI",318.24
"Chippewa, WI",1008.37
"Clark, WI",1209.82
"Columbia, WI",765.53
"Crawford, WI",570.66
"Dane, WI",1197.24
"Dodge, WI",875.63
"Door, WI",481.98
"Douglas, WI",1304.14
"Dunn, WI",850.11
"Eau Claire, WI",637.98
"Florence, WI",488.2
"Fond du Lac, WI",719.55
"Forest, WI",1014.07
"Grant, WI",1146.85
"Green, WI",583.96
"Green Lake, WI",349.44
"Iowa, WI",762.58
"Iron, WI",758.17
"Jackson, WI",987.72
"Jefferson, WI",556.47
"Juneau, WI",766.93
"Kenosha, WI",271.99
"Kewaunee, WI",342.52
"La Crosse, WI",451.69
"Lafayette, WI",633.59
"Langlade, WI",870.64
"Lincoln, WI",878.97
"Manitowoc, WI",589.08
"Marathon, WI",1544.98
"Marinette, WI",1399.35
"Marquette, WI",455.6
"Menominee, WI",357.61
"Milwaukee, WI",241.4
"Monroe, WI",900.78
"Oconto, WI",997.99
"Oneida, WI",1112.97
"Outagamie, WI",637.52
"Ozaukee, WI",233.08
"Pepin, WI",231.98
"Pierce, WI",573.75
"Polk, WI",913.96
"Portage, WI",800.68
"Price, WI",1254.38
"Racine, WI",332.5
"Richland, WI",586.15
"Rock, WI",718.14
"Rusk, WI",913.59
"St. Croix, WI",722.33
"Sauk, WI",830.9
"Sawyer, WI",1257.31
"Shawano, WI",893.06
"Sheboygan, WI",511.27
"Taylor, WI",974.88
"Trempealeau, WI",732.97
"Vernon, WI",791.58
"Vilas, WI",856.6
"Walworth, WI",555.13
"Washburn, WI",797.11
"Washington, WI",430.7
"Waukesha, WI",549.57
"Waupaca, WI",747.71
"Waushara, WI",626.15
"Winnebago, WI",434.49
"Wood, WI",793.12
WYOMING,97093.14
"Albany, WY",4273.84
"Big Horn, WY",3137.1
"Campbell, WY",4802.71
"Carbon, WY",7897.58
"Converse, WY",4254.88
"Crook, WY",2854.41
"Fremont, WY",9183.81
"Goshen, WY",2225.39
"Hot Springs, WY",2004.09
"Johnson, WY",4154.15
"Laramie, WY",2685.91
"Lincoln, WY",4076.13
"Natrona, WY",5340.35
"Niobrara, WY",2626.04
"Park, WY",6942.08
"Platte, WY",2084.21
"Sheridan, WY",2523.99
"Sublette, WY",4886.54
"Sweetwater, WY",10426.65
"Teton, WY",3995.38
"Uinta, WY",2081.26
"Washakie, WY",2238.55
"Weston, WY",2398.09